"seller_id","orders_first_90d","avg_review_score_90d","avg_order_value_90d","months_active","total_orders","survived_month_12","seller_state","seller_segment","survival_status"
"0015a82c2db000af6aaaf3ae2ecb0532",3,3.67,916.02,0.7,3,0,"SP","At Risk","Churned"
"001cca7ae9ae17fb1caed9dfb1094831",31,3.56,129.54,17.4,200,1,"ES","Critical Risk","Survived"
"002100f778ceb8431b7a1020ff7ab48f",32,4.00,33.11,7.0,51,0,"SP","High Potential","Churned"
"004c9cd9d87a3c30c522c48c4fc07416",31,4.33,147.91,15.4,158,1,"SP","High Potential","Survived"
"00ab3eff1b5192e5f1a63bcecfee11c8",1,5.00,110.08,0.0,1,0,"SP","Critical Risk","Churned"
"00ee68308b45bc5e2660cd833c3f81cc",31,4.49,113.97,10.8,135,1,"SP","High Potential","Survived"
"010543a62bd80aa422851e79a3bc7540",2,4.50,723.98,1.0,2,0,"SP","At Risk","Churned"
"011b0eaba87386a2ae96a7d32bb531d1",1,4.00,64.58,0.0,1,0,"SP","Critical Risk","Churned"
"013900e863eace745d3ec7614cab5b1a",2,5.00,93.16,13.5,23,1,"PR","At Risk","Survived"
"014c0679dd340a0e338872e7ec85666a",3,4.33,292.87,17.5,14,1,"MG","At Risk","Survived"
"01bcc9d254a0143f0ce9791b960b2a47",9,4.38,162.15,5.8,11,0,"GO","Growing","Churned"
"01c97ebb5cdac52891c0ed1c37ba0012",3,4.67,46.11,15.8,9,1,"SP","At Risk","Survived"
"01cf7e3d21494c41fb86034f2e714fa1",1,5.00,89.16,16.9,61,1,"PR","Critical Risk","Survived"
"01ed254b9ff8407dfb9d99ba1e17d923",4,5.00,354.57,3.2,5,0,"SP","At Risk","Churned"
"01fdefa7697d26ad920e9e0346d4bd1b",17,4.53,104.02,16.0,129,1,"PR","High Potential","Survived"
"0241d4d5d36f10f80c644447315af0bd",30,4.31,86.45,10.8,238,1,"PR","High Potential","Survived"
"0249d282d911d23cb8b869ab49c99f53",10,4.20,49.71,6.2,11,0,"SP","Growing","Churned"
"024b564ae893ce8e9bfa02c10a401ece",1,5.00,104.20,4.3,2,0,"SP","Critical Risk","Churned"
"028872bfa080090a9d0abd4f1af168f8",1,5.00,39.29,0.0,1,0,"MG","Critical Risk","Churned"
"02a2272692e13558373c66db98f05e2e",2,3.00,46.93,1.0,2,0,"RJ","At Risk","Churned"
"02c988090b766852e088c69d7fb3b551",4,5.00,66.78,13.2,13,1,"SP","At Risk","Survived"
"02d35243ea2e497335cd0f076b45675d",2,3.00,272.77,15.3,14,1,"RN","At Risk","Survived"
"02ecc2a19303f05e59ce133fd923fff7",1,5.00,167.20,14.3,21,1,"SP","Critical Risk","Survived"
"0307f7565ff85b299b6e5ef162b1b1a9",1,2.00,27.86,7.6,7,0,"SP","Critical Risk","Churned"
"0336182e1b3e92f029d5354832045fdf",1,2.00,23.69,0.0,1,0,"SP","Critical Risk","Churned"
"0432ead42b6c8a0bdf68154add917fdf",31,4.53,105.28,16.0,85,1,"SP","High Potential","Survived"
"048c2757535328e0d7dac690ad3c0aae",9,4.89,201.14,17.8,51,1,"SP","Growing","Survived"
"04aa0a1c5ce6b222003403a3e11c3cc0",4,4.43,373.00,10.3,11,1,"SP","At Risk","Survived"
"04aba03279157f6d4e0fe8ccaf21963c",2,5.00,158.75,15.8,16,1,"RJ","At Risk","Survived"
"04e38a233f726ef161074ab1c9b0399a",15,3.50,61.89,7.8,23,0,"SP","Growing","Churned"
"04fdea0c111866e6cf812f1570d6b5bd",4,3.25,142.32,3.6,10,0,"SP","At Risk","Churned"
"0509040ea3fe50071181bbc359eb7738",9,3.90,60.14,15.2,89,1,"MG","Growing","Survived"
"054694fa03fe82cec4b7551487331d74",9,3.80,408.75,15.2,21,1,"SP","Growing","Survived"
"058cb5aeb36d7c0fcae20fc85d5e0a59",3,4.00,140.14,10.8,12,1,"RJ","At Risk","Survived"
"058fd0aa2bfdb2274e05e1ae971dabb6",7,3.57,159.22,10.3,61,1,"SP","Growing","Survived"
"05a940b4ecae36cadfd8e93bd9c43257",6,4.67,71.33,7.3,10,0,"GO","Growing","Churned"
"05d2173d43ea568aa0540eba70d2ca76",12,4.58,109.95,10.6,62,1,"MG","Growing","Survived"
"05f51e13da97139648b8125c31e5f51b",35,4.61,280.07,8.5,60,0,"MG","High Potential","Churned"
"05feb94f19d094d4b0f9281f0b1d4c99",3,4.67,1633.98,6.3,6,0,"SP","At Risk","Churned"
"05ff92fedb5be47920fea08e501238b9",1,5.00,121.01,22.4,59,1,"RS","Critical Risk","Survived"
"062ce95fa2ad4dfaedfc79260130565f",20,4.29,141.31,7.5,55,0,"RS","High Potential","Churned"
"06532f10282704ef4c69168b914b77be",5,4.20,1540.04,5.6,8,0,"PR","At Risk","Churned"
"06579cb253ecd5a3a12a9e6eb6bf8f47",22,4.36,104.75,12.4,62,1,"SP","High Potential","Survived"
"066a6914e1ebf3ea95a216c73a986b91",1,4.00,91.28,22.4,68,1,"PR","Critical Risk","Survived"
"06bb3a2fe5e7b7a845b13e8fb91bd944",8,4.89,100.78,9.9,17,0,"MG","Growing","Churned"
"06e5eefc71ec47ae763c5c6f8db7064f",5,3.67,187.83,16.1,92,1,"RS","At Risk","Survived"
"07017df32dc5f2f1d2801e579548d620",7,4.00,119.44,16.9,8,0,"PB","Growing","Churned"
"070d165398b553f3b4b851c216b8a358",2,3.50,262.52,11.9,32,1,"SP","At Risk","Survived"
"0725b8c0f3f906e58f70cbe76b7c748c",7,4.11,72.72,18.8,17,0,"SP","Growing","Churned"
"0747d5bb69f0586cc869d8af4c50f93e",2,4.50,51.69,8.7,14,0,"RJ","At Risk","Churned"
"077c5fae4bea9500e3737b16f71b9d3a",3,4.33,18.35,9.2,4,0,"SP","At Risk","Churned"
"07a9bc7f61396b658ddf3ac534efe44c",1,3.50,135.49,0.0,1,0,"SP","Critical Risk","Churned"
"07bf9669d84d1f11be443a9dd938f698",2,3.00,87.94,15.9,18,0,"SP","At Risk","Churned"
"080102cd0a76b09e0dcf55fcacc60e05",6,5.00,58.67,13.3,124,1,"MG","Growing","Survived"
"080199a181c46c657dc5aa235411be3b",24,4.70,187.46,11.3,79,1,"SP","High Potential","Survived"
"08061dc0fc165ed41288cc7acde738ee",1,3.00,32.74,7.9,4,0,"SP","Critical Risk","Churned"
"0887a9f087bcd5d9f6642b52f897fc6c",8,4.38,123.61,6.1,12,0,"SP","Growing","Churned"
"08d0949a9a17c027262db1f3c450c26c",1,4.00,64.82,12.2,12,1,"PR","Critical Risk","Survived"
"08d2d642cf72b622b14dde1d2f5eb2f5",3,5.00,129.22,9.9,17,0,"SP","At Risk","Churned"
"091065b789659bc3cd9af9cb3a6253ff",1,5.00,710.23,3.2,2,0,"RS","Critical Risk","Churned"
"0936e1837d0c79253456bbb2ffaaef10",1,5.00,35.01,0.0,1,0,"SP","Critical Risk","Churned"
"093805f8f2aeb63881444571e1f48f30",18,3.70,56.37,5.1,22,0,"SP","Critical Risk","Churned"
"09883d9ab71c8fe8a9bfc7fc3075b07e",2,3.50,84.60,7.1,5,0,"SP","At Risk","Churned"
"09f952a5f58d2285b0372551ae8f9b01",6,4.29,315.20,11.5,50,1,"SP","Growing","Survived"
"0ac4201fda2c68ebc0e47cb9423cf3c9",3,5.00,53.78,12.1,13,1,"SP","At Risk","Survived"
"0adac9fbd9a2b63cccaac4f8756c1ca8",18,4.43,57.64,19.0,110,1,"SP","High Potential","Survived"
"0aea4c6ae1505b3228ddf3dd7822ee5b",3,4.33,253.07,6.7,8,0,"SP","At Risk","Churned"
"0afccdb8a34ee5c79f7c06faf2b4d56e",10,4.10,77.02,12.2,25,1,"MG","Growing","Survived"
"0b09101900100c0e9d312861fad5a1b9",1,4.00,168.36,0.0,1,0,"SP","Critical Risk","Churned"
"0b18d63d0cd1d723567903fd34a07df2",1,5.00,27.42,14.2,9,1,"SP","Critical Risk","Survived"
"0b36063d5818f81ccb94b54adfaebbf5",1,5.00,52.20,0.0,1,0,"SC","Critical Risk","Churned"
"0b46f784306be7200ca1700aa55d819f",1,5.00,30.86,0.0,1,0,"MG","Critical Risk","Churned"
"0bae85eb84b9fb3bd773911e89288d54",15,4.33,87.65,17.2,137,1,"SP","Growing","Survived"
"0bb27263628258b8111a0262769fa9db",1,5.00,33.16,0.0,1,0,"SP","Critical Risk","Churned"
"0bb738e4d789e63e2267697c42d35a2d",3,4.50,38.52,16.8,30,1,"SP","At Risk","Survived"
"0be8ff43f22e456b4e0371b2245e4d01",5,5.00,66.90,15.9,161,1,"SP","At Risk","Survived"
"0bf0150d5b9d60d9cd2906003332f085",9,4.08,80.20,17.1,39,1,"SP","Growing","Survived"
"0c7533c71df861ec58ad7ff999ed0e8d",14,3.58,48.99,12.7,61,1,"SP","Growing","Survived"
"0c7f30ae9b147eca07affbef92832a6a",5,5.00,113.42,1.5,5,0,"PR","At Risk","Churned"
"0c8380b62e38e8a1e6adbeba7eb9688c",2,2.00,67.93,22.9,182,1,"MG","At Risk","Survived"
"0cbcee27c791afa0cdcb08587a2013a8",1,1.00,153.51,21.4,39,1,"MG","Critical Risk","Survived"
"0d85bbda9889ce1f7e63778d24f346eb",9,4.78,110.57,12.3,51,1,"MG","Growing","Survived"
"0db783cfcd3b73998abc6e10e59a102f",2,2.50,51.05,18.2,132,1,"SP","At Risk","Survived"
"0df3984f9dfb3d49ac6366acbd3bbb85",16,4.88,136.89,15.4,87,1,"MG","High Potential","Survived"
"0e44d110fa6a54e121cb2c095a77762f",4,4.00,24.00,10.4,6,1,"SP","At Risk","Survived"
"0e982cff76cc0579f632cea8a0e38c9d",2,2.50,121.80,6.3,7,0,"SC","At Risk","Churned"
"0ea22c1cfbdc755f86b9b54b39c16043",3,2.50,58.11,22.8,237,1,"MG","At Risk","Survived"
"0eaa7e33d73809f1f925f7d07c506cbd",6,4.33,119.18,16.8,15,1,"SP","Growing","Survived"
"0ebd97a106433a45a4aebe57c1799778",7,4.43,124.83,14.1,31,1,"MG","Growing","Survived"
"0ed6ce5d87fd9c69eaacaeb778d67235",9,4.44,95.23,10.7,43,1,"SP","Growing","Survived"
"0ee4fb99ac55ffbbc98795aa01b7f8fa",1,5.00,70.93,0.0,1,0,"SP","Critical Risk","Churned"
"0f519b0d2e5eb2227c93dd25038bfc01",1,5.00,102.90,0.0,1,0,"SP","Critical Risk","Churned"
"0f94588695d71662beec8d883ffacf09",1,5.00,27.59,0.0,1,0,"SC","Critical Risk","Churned"
"0ff83046c3fa22efee8ecf291888b191",2,4.50,91.75,12.2,10,1,"RS","At Risk","Survived"
"10076e5788b8ee532724bcd460baf762",5,3.80,50.99,14.6,23,1,"SP","At Risk","Survived"
"10089e9f2fd0c668a8fd4e52e1698888",2,4.00,408.46,8.2,3,0,"SP","At Risk","Churned"
"101921376b577a4540dc30e9009133ca",1,2.00,394.49,0.0,1,0,"SP","Critical Risk","Churned"
"1025f0e2d44d7041d6cf58b6550e0bfa",82,4.37,111.41,13.8,915,1,"SP","High Potential","Survived"
"10ff823eda2b032e2c93d17a7d294736",2,1.50,186.81,9.9,9,0,"SP","At Risk","Churned"
"1127b7f2594683f2510f1c2c834a486b",10,3.82,41.96,18.1,114,1,"SP","Growing","Survived"
"11305281b50fff20ae8bb473f8e11876",1,4.00,60.52,22.7,35,1,"MG","Critical Risk","Survived"
"113e3a788b935f48aad63e1c41dac1bd",3,4.00,32.50,13.0,39,1,"SP","At Risk","Survived"
"119c7f1a00ef43fad0e57604e76a747c",1,5.00,159.14,4.5,2,0,"SP","Critical Risk","Churned"
"119d1aef1b4144adba89163f6cd9f5d4",3,4.67,316.83,5.8,4,0,"SP","At Risk","Churned"
"11bfa66332777660bd0640ee84d47006",14,4.22,64.21,11.7,76,1,"SP","Growing","Survived"
"11d4c477d09821164bca4f70a2eae031",3,5.00,35.22,1.4,3,0,"SP","At Risk","Churned"
"11eac105f3f90a9b87b19c89d91e24f3",5,3.60,185.57,1.6,5,0,"SP","At Risk","Churned"
"1284de4ae8aa26997e748c851557cf0e",1,5.00,407.93,5.3,3,0,"SP","Critical Risk","Churned"
"128639473a139ac0f3e5f5ade55873a5",70,4.26,37.19,15.4,533,1,"PR","High Potential","Survived"
"128f9bfbe4c7d5185033914b1de3d39a",7,4.71,144.41,9.2,14,0,"SP","Growing","Churned"
"12a8eb0f8d1cd3270695bf2a99f55966",2,3.50,218.34,2.1,2,0,"SP","At Risk","Churned"
"12b9676b00f60f3b700e83af21824c0e",23,4.57,233.79,17.9,135,1,"RS","High Potential","Survived"
"1336efc61c316ddf92c899eb817f7cae",7,4.43,79.31,19.0,74,1,"SP","Growing","Survived"
"134a288e7de827ec5ec62e3ec9c3a295",3,4.67,123.74,4.6,9,0,"SP","At Risk","Churned"
"1352e06ae67b410cdae0b2a22361167b",4,2.33,191.31,2.5,4,0,"RJ","At Risk","Churned"
"1354d51653f645349064725ed204e85e",5,3.17,168.40,14.7,18,1,"SP","At Risk","Survived"
"139157dd4daa45c25b0807ffff348363",1,4.00,37.68,0.0,1,0,"SP","Critical Risk","Churned"
"13d058e4eeac2ce8217660b2f8a05812",6,4.50,132.55,14.5,23,0,"SP","Growing","Churned"
"13e85aac53340018b40c2af68001b7e0",1,5.00,31.92,0.0,1,0,"SP","Critical Risk","Churned"
"13f57c12a00ed4610db646b913a7f5c6",4,4.67,55.48,7.4,7,0,"SP","At Risk","Churned"
"13fa2a6c6b9d0f43cb588d7c82117a12",5,4.17,490.72,3.7,9,0,"SP","At Risk","Churned"
"1430239a858e7682bbc43b20758af153",4,4.50,41.43,12.1,18,1,"SP","At Risk","Survived"
"1464afc72f696af775557a821c2e253f",2,2.67,32.73,16.5,29,1,"RJ","At Risk","Survived"
"14d7985702e72162bbf13b6beb74ab2b",5,4.60,89.97,16.8,37,1,"SP","At Risk","Survived"
"14ee35374a7876217954b5fa08e50463",4,4.00,147.12,3.5,6,0,"SP","At Risk","Churned"
"152ee17e4c8aaf53dac99f3462e4999b",5,4.40,76.43,3.1,6,0,"SC","At Risk","Churned"
"1554a68530182680ad5c8b042c3ab563",6,3.88,65.73,23.7,247,1,"MG","Growing","Survived"
"15ac3c501e2599e4917316fde5c5669a",1,1.00,195.81,0.0,1,0,"SP","Critical Risk","Churned"
"15aec03fe4cf30dfa574cf550f5ff5ff",1,1.00,39.86,0.0,1,0,"RJ","Critical Risk","Churned"
"15cd6eefe58588619aaed41dfa6621b1",7,4.67,82.67,10.0,16,0,"MG","Growing","Churned"
"16090f2ca825584b5a147ab24aa30c86",15,3.80,122.65,19.1,402,1,"SP","Growing","Survived"
"165fc07beebdcb6190fba8a06db2a449",25,4.18,252.50,12.4,50,1,"PR","High Potential","Survived"
"1660ad786c27fd935378b6192a90b417",6,5.00,143.20,11.3,12,1,"SP","Growing","Survived"
"166e8f1381e09651983c38b1f6f91c11",2,5.00,54.50,0.9,2,0,"SC","At Risk","Churned"
"17306570e772e7718c92a562d33f5f1d",8,4.78,381.78,13.8,29,1,"SP","Growing","Survived"
"1771297ac436903d1dd6b0e9279aa505",9,4.83,127.47,19.2,28,0,"SP","Growing","Churned"
"1782ce2db72c3dda627d5e7c898104e1",2,4.33,158.75,15.1,9,1,"SP","At Risk","Survived"
"17908cf9b444ee34047cadd5c0f4a516",3,4.67,229.31,10.8,11,1,"GO","At Risk","Survived"
"17998cf586426bf0f2c3726cb0a4b211",1,5.00,41.05,5.2,2,0,"MG","Critical Risk","Churned"
"17a053fcb14bd219540cbde0df490be0",19,4.58,278.18,13.4,125,1,"SP","High Potential","Survived"
"17adeba047385fb0c67d8e90b4296d21",1,1.00,365.77,0.0,1,0,"SP","Critical Risk","Churned"
"17ca9b9e9b9ef8fdb529001b49ebb50f",13,4.25,90.37,13.5,116,1,"MG","Growing","Survived"
"17e34d8224d27a541263c4c64b11a56b",30,4.63,244.47,18.3,255,1,"SP","High Potential","Survived"
"17eea220a40cc0d2c0c5346379682398",4,3.75,378.25,1.4,4,0,"SP","At Risk","Churned"
"17f51e7198701186712e53a39c564617",9,4.33,860.80,18.2,56,1,"SP","Growing","Survived"
"180c3376aff0e43dd5788709df48a843",4,4.67,365.10,4.8,5,0,"SP","At Risk","Churned"
"1835b56ce799e6a4dc4eddc053f04066",106,3.37,70.11,11.8,423,1,"SP","Critical Risk","Survived"
"1838dd9b8977065acf51d95e0053ea7a",13,4.85,69.79,12.3,64,1,"MG","Growing","Survived"
"184a67a8f9f63234d3a92340bbdb727f",2,1.75,38.79,13.3,8,0,"SC","At Risk","Churned"
"18a349e75d307f4b4cc646a691ed4216",23,3.00,62.84,12.3,121,1,"SP","Critical Risk","Survived"
"1900267e848ceeba8fa32d80c1a5f5a8",59,4.01,57.77,15.5,411,1,"SP","High Potential","Survived"
"1967a9e2ad6f51802b093147d861df58",2,1.00,212.88,0.3,2,0,"SP","At Risk","Churned"
"1976a05ecf2996d6ffb7b5430e635fe7",4,3.75,83.63,6.6,8,0,"SP","At Risk","Churned"
"1987cd4be10fe09ee50454f9c354d1c6",12,4.54,210.49,4.8,14,0,"MG","Growing","Churned"
"198c7ea11960a9844b544d9bcdca860c",9,3.33,147.25,6.9,25,0,"MG","Critical Risk","Churned"
"19a7c9f66ffa6452ff4b4c0cca71da27",1,5.00,338.74,0.0,1,0,"PR","Critical Risk","Churned"
"19e0f40a907ec568c34bfac15de4f4a1",1,5.00,55.46,8.6,4,0,"SP","Critical Risk","Churned"
"1a3df491d1c4f1589fc2b934ada68bf2",53,3.93,146.86,15.8,167,1,"SC","Critical Risk","Survived"
"1a6245add4353f18ed55138808906979",1,3.00,39.34,0.0,1,0,"SP","Critical Risk","Churned"
"1acde099eb406aa220b1169b188b42da",9,4.30,45.85,1.9,9,0,"SP","Growing","Churned"
"1b1ae47a313a825a7ccceb8e2e30fa9d",7,4.57,175.88,7.2,11,0,"PR","Growing","Churned"
"1b4c3a6f53068f0b6944d2d005c9fc89",44,3.85,176.00,17.5,113,1,"SC","Critical Risk","Survived"
"1b61fb1f0f2185d89e9a126c498e9cc7",1,5.00,65.81,0.0,1,0,"PR","Critical Risk","Churned"
"1b7e5006cb25dd23ce8686691013b121",3,4.00,111.02,10.2,11,1,"SP","At Risk","Survived"
"1b8356dabde1d35e17cef975c3f82730",20,3.61,87.23,9.4,56,0,"SP","Critical Risk","Churned"
"1b8b75e227c9a9c100d0c210fb6176ce",7,4.29,117.95,10.9,19,1,"SP","Growing","Survived"
"1b938a7ec6ac5061a66a3766e0e75f90",15,4.53,82.59,11.0,30,1,"SP","Growing","Survived"
"1bb2bdb95f4841f1bba2c0d2cd83d3c9",2,4.50,44.20,18.7,81,1,"SP","At Risk","Survived"
"1bc2e21de46adfea6b98cc96b00f3b40",2,3.00,208.25,3.3,3,0,"SC","At Risk","Churned"
"1c129092bf23f28a5930387c980c0dfc",86,4.22,57.48,10.4,201,1,"SP","High Potential","Survived"
"1c5e4e49b9079480255b49d50aac1aa9",3,5.00,1217.85,17.1,12,0,"SP","At Risk","Churned"
"1c68394e931a64f90ea236c5ea590300",4,4.00,197.50,13.1,142,1,"PR","At Risk","Survived"
"1c83418358f249c9d6affa52d579db0e",1,5.00,39.42,0.0,1,0,"SP","Critical Risk","Churned"
"1ca7077d890b907f89be8c954a02686a",20,4.04,70.40,6.9,115,0,"SP","High Potential","Churned"
"1caf283236cd69af44cbc09a0a1e7d32",5,4.00,36.25,15.8,33,1,"RJ","At Risk","Survived"
"1ce3ae5a399804d1a87e706f8a813c3e",10,4.36,78.13,12.7,40,1,"SC","Growing","Survived"
"1d0997ff06b524ce9289ffd75114ecd3",2,5.00,1631.47,10.0,3,0,"PE","At Risk","Churned"
"1d139e3a3b14025640d8df1b230aace0",2,3.50,35.59,2.2,2,0,"SP","At Risk","Churned"
"1d2732ef8321502ee8488e8bed1ab8cd",2,3.50,426.60,12.6,4,1,"RJ","At Risk","Survived"
"1d29dfba02015238dfbe2449a5eaa361",1,5.00,59.86,15.4,12,1,"MG","Critical Risk","Survived"
"1d8dbc4f32378d715c717c1c1fc57bae",17,3.05,125.64,15.4,92,1,"PR","Critical Risk","Survived"
"1da366cade6d8276e7d8beea7af5d4bf",30,3.97,101.89,10.7,43,1,"MG","Critical Risk","Survived"
"1da3aeb70d7989d1e6d9b0e887f97c23",17,3.82,33.90,17.8,265,1,"SP","Critical Risk","Survived"
"1dcfa3835714681d4ba4a93bc1e0fd41",10,4.60,101.49,8.3,13,0,"SP","Growing","Churned"
"1e47d8b6546eb3a77b1acddcc9406242",1,1.00,166.71,0.0,1,0,"SP","Critical Risk","Churned"
"1e47defeeadeca0e9a18fa5a9311e735",3,5.00,97.21,1.2,3,0,"SP","At Risk","Churned"
"1e483cc5c76fef08d3ca05f9a8af7d01",8,4.11,29.04,3.3,10,0,"SP","Growing","Churned"
"1eade46fba20122dc4aefb379f8c636b",2,5.00,66.37,17.5,58,1,"SP","At Risk","Survived"
"1f1bb1f0859883505541bdd6606193e5",7,4.43,683.77,16.0,27,1,"SP","Growing","Survived"
"1f50f920176fa81dab994f9023523100",27,4.64,77.73,17.0,1404,1,"SP","High Potential","Survived"
"1f7fd2a6fcd5a6fa5d8a4dabc72aaae0",1,5.00,195.91,13.2,3,0,"RS","Critical Risk","Churned"
"1f867308a0ce13133a4e639ff4de0c02",2,4.80,68.69,8.3,7,0,"PR","At Risk","Churned"
"1f9ab4708f3056ede07124aad39a2554",6,3.83,209.07,16.4,78,1,"SP","Growing","Survived"
"1fddcb7b326905d3ad5efe82187db347",1,1.00,105.22,0.0,1,0,"SP","Critical Risk","Churned"
"2009a095de2a2a41626f6c6d7722678d",3,4.67,42.21,7.8,8,0,"SP","At Risk","Churned"
"2059c39f76271d4ca3f15b5ffaccc8b8",6,4.33,68.61,7.3,12,0,"PR","Growing","Churned"
"2063dd1b9f568df1c16741ea7d3e6adb",1,5.00,186.84,8.5,3,0,"PR","Critical Risk","Churned"
"2089a6d640999f9b9141ac719b2af596",12,3.83,321.87,15.2,44,1,"SP","Growing","Survived"
"20b54c376b794ed028df09a3cd88e8dc",4,3.00,163.60,9.6,11,0,"SP","At Risk","Churned"
"20cb7c2fde3e5bf10f0bbe7394e1c6a9",6,4.20,31.02,17.5,32,1,"PR","Growing","Survived"
"20d83f3ef0e6925fd74bfd59170babf7",5,3.33,72.80,17.3,40,1,"SP","At Risk","Survived"
"20f0aeea30bc3b8c4420be8ced4226c0",1,NULL,29.42,0.0,1,0,"SP","Critical Risk","Churned"
"2138ccb85b11a4ec1e37afbd1c8eda1f",2,5.00,39.71,23.1,396,1,"SP","At Risk","Survived"
"2156f2671501a81034d7d07f217609d0",8,3.63,85.07,11.1,22,1,"SP","Growing","Survived"
"217f005bb37ff3aeef5b2ae1788e75ba",3,3.75,39.83,1.8,3,0,"SP","At Risk","Churned"
"218d46b86c1881d022bce9c68a7d4b15",27,3.79,189.24,19.4,388,1,"SP","Critical Risk","Survived"
"2199e7fe213c16213bf5d6a7eadc9a5d",1,1.00,338.68,22.6,25,1,"SP","Critical Risk","Survived"
"21e83881401b92b49fb09a16d3852291",3,4.50,292.47,10.9,14,1,"MG","At Risk","Survived"
"229c3efbfb0ea2058de4ccdfbc3d784a",1,1.00,95.58,22.7,121,1,"MG","Critical Risk","Survived"
"22a23e5ac7061fc538cc2a019afaaf16",1,3.00,109.42,0.0,1,0,"MG","Critical Risk","Churned"
"232a6014e7b10cba61c6c2b2ea6bb4b0",6,4.29,101.35,17.7,33,1,"SP","Growing","Survived"
"23613d49c3ac2bd302259e55c06c050c",1,5.00,30.42,22.7,70,1,"SP","Critical Risk","Survived"
"238fac594e170b59c6d228f5a4f4f1d9",10,4.10,139.17,10.5,29,1,"SP","Growing","Survived"
"23ca5f678e0b3ea6c630b30fa8bf51ea",6,5.00,39.91,2.0,6,0,"SP","Growing","Churned"
"23d7c96d4a1160db1c726b248601b25a",15,3.86,238.75,13.1,53,1,"SP","Growing","Survived"
"23ff42c4bf1f8f16cddb19d8b972974a",2,4.33,75.89,1.7,2,0,"MG","At Risk","Churned"
"244c2f1bff6afe1f2eaf9bfe9b2aed38",1,5.00,132.73,12.1,23,1,"SP","Critical Risk","Survived"
"2493dc3f20131696a0ecdb9948051a8d",4,4.75,143.77,0.5,4,0,"DF","At Risk","Churned"
"24c1de8d9551c0b4fbc53317d53efda8",1,5.00,412.12,0.0,1,0,"PB","Critical Risk","Churned"
"2528513dd95219a6013d4d05176e391a",22,4.04,314.59,17.3,161,1,"SP","High Potential","Survived"
"252e76235acb79183cfca6e34f13337d",1,5.00,83.34,15.6,3,0,"SP","Critical Risk","Churned"
"259f7b5e6e482c230e5bfaa670b6bb8f",6,2.90,56.39,17.4,138,1,"SP","Critical Risk","Survived"
"25c5c91f63607446a97b143d2d535d31",22,4.34,355.27,12.8,158,1,"MG","High Potential","Survived"
"25cf099de44674fde97473224f9d59ab",3,5.00,53.96,14.8,50,1,"SP","At Risk","Survived"
"25debeafbce801fdd479539350185eee",3,2.50,54.28,11.5,6,1,"SP","At Risk","Survived"
"25e47381a6c510ddeb36084e33b89f0c",16,4.06,92.45,1.5,16,0,"SP","High Potential","Churned"
"25e6ffe976bd75618accfe16cefcbd0d",2,3.00,104.29,21.0,108,1,"SP","At Risk","Survived"
"262237171f48e85819065498cac80d7b",1,4.00,77.89,12.2,4,0,"SC","Critical Risk","Churned"
"26bad72add1f86e08a776ce4ffdaf1ca",2,4.00,54.53,8.3,7,0,"SP","At Risk","Churned"
"26d8a1c7c75d513045798992ead43aa2",9,4.67,154.69,12.0,36,1,"PR","Growing","Survived"
"270297ead4c65a6cd2593960d2af6b21",2,5.00,330.67,17.2,18,1,"SP","At Risk","Survived"
"2709af9587499e95e803a6498a5a56e9",9,3.78,66.57,18.6,26,0,"SP","Growing","Churned"
"272f092de69afedd4d2969440b37f18f",6,3.22,62.14,9.3,26,0,"SP","Critical Risk","Churned"
"2745f798279e0ed033addcc1474776d7",7,3.71,142.99,9.4,32,0,"SP","Growing","Churned"
"27a56ff04b34c2ba34ce6ba4d3b9d616",4,3.75,58.69,6.4,8,0,"SP","At Risk","Churned"
"282c7480173bb9c01dd41cc739fec010",5,4.43,558.29,0.4,5,0,"SP","At Risk","Churned"
"282f23a9769b2690c5dda22e316f9941",9,4.62,99.62,13.5,99,1,"MG","Growing","Survived"
"28d162ab86bb49d719c32f0ee6186eaa",1,4.00,127.20,0.0,1,0,"SP","Critical Risk","Churned"
"28ea411b354f14b1a494be4e79f0ce02",3,4.67,151.55,11.2,6,1,"SP","At Risk","Survived"
"293dee954235e4e4e43f129313625ebe",5,5.00,154.61,3.2,8,0,"DF","At Risk","Churned"
"2953ce3a88f5e3c3b696d77fc9e4c8eb",1,5.00,50.10,10.9,14,1,"SP","Critical Risk","Survived"
"29fe9f200d3fa0c668d2aa1ec7e08dfb",5,4.00,102.83,2.6,5,0,"SC","At Risk","Churned"
"2a1348e9addc1af5aaa619b1a3679d6b",26,3.20,80.04,18.9,52,1,"MG","Critical Risk","Survived"
"2a261b5b644fa05f4f2700eb93544f2c",6,3.11,95.88,9.6,51,0,"SP","Critical Risk","Churned"
"2a5b78b41cd05baeac8df54c6606b92c",5,3.67,133.07,13.6,49,1,"MG","At Risk","Survived"
"2a61c271b1ac763450d846849783e922",7,2.67,87.14,5.3,18,0,"SP","Critical Risk","Churned"
"2a6fbeaa7ab9e5d59a35841a8da71ce4",3,4.67,56.38,16.0,30,1,"SC","At Risk","Survived"
"2addf05f476d0637864454e93ba673d5",5,5.00,485.25,7.6,12,0,"DF","At Risk","Churned"
"2b1a40c1daabc6ca280c4b815c101841",1,1.00,229.57,20.5,23,1,"MG","Critical Risk","Survived"
"2b2fed75b8e5ea3a052fc4c0825da485",2,5.00,173.48,3.2,3,0,"MG","At Risk","Churned"
"2b3e4a2a3ea8e01938cabda2a3e5cc79",15,4.18,721.84,14.8,52,1,"SP","Growing","Survived"
"2b5ed0c9139dae8883a200dfcb272ece",1,5.00,30.40,7.2,4,0,"SP","Critical Risk","Churned"
"2bd05d410a8fd26dc4184a15f4f2f588",4,5.00,325.69,8.9,6,0,"MG","At Risk","Churned"
"2bdb95a56a36ebbc6640337ac5eac174",1,5.00,107.90,0.0,1,0,"SP","Critical Risk","Churned"
"2be17df1c49978426251562096c3cc09",5,4.60,162.66,17.6,16,1,"SC","At Risk","Survived"
"2c3d56f92f360fb89d849b84e8f50eae",4,2.25,69.36,5.6,8,0,"SP","At Risk","Churned"
"2c4c47cb51acd5ea5db5e0ae0e26542a",3,4.25,201.21,10.9,12,1,"SP","At Risk","Survived"
"2c9e548be18521d1c43cde1c582c6de8",27,4.21,49.59,10.8,126,1,"SP","High Potential","Survived"
"2cb4700db635baa1c0d4f90ed27b6669",2,2.00,114.36,0.1,2,0,"PR","At Risk","Churned"
"2d378dbb39815785238c0139c7647fb7",2,5.00,727.22,1.1,2,0,"SC","At Risk","Churned"
"2d50d6282f8aa2257819a77bfaa0efe0",21,3.82,72.70,11.5,44,1,"SP","Critical Risk","Survived"
"2d8cfba3fcd3170555941605edaa196a",1,5.00,55.96,0.0,1,0,"SP","Critical Risk","Churned"
"2dd1fb6f0e42a2243b8a01e40cd41216",4,2.60,188.55,2.0,4,0,"PR","At Risk","Churned"
"2dee2ce60de9709b1a24083217181a1f",20,4.25,176.45,11.5,54,1,"MT","High Potential","Survived"
"2e0dba2da448400b1c11d7b4b22f32a4",5,3.63,30.93,3.3,7,0,"SP","At Risk","Churned"
"2e1a7d075abe038c1b2743005fe42ff1",6,3.50,75.58,11.4,19,1,"SP","Growing","Survived"
"2e1c9f22be269ef4643f826c9e650a52",37,4.32,71.71,13.4,167,1,"SP","High Potential","Survived"
"2e3be8a987a30d7544dbbda6861cc14e",3,3.00,395.85,17.5,18,1,"MG","At Risk","Survived"
"2e90cb1677d35cfe24eef47d441b7c87",19,4.52,103.22,17.9,127,1,"SP","High Potential","Survived"
"2ec6e37d992a95eaddb3369dcbcc76d9",2,1.50,91.97,1.6,2,0,"RS","At Risk","Churned"
"2eeb6531ee027a48d401e72bebdd87d3",3,4.33,26.23,0.2,3,0,"SP","At Risk","Churned"
"2f09f7d37a97956d11cc1a7cadd5262b",1,5.00,79.33,7.6,11,0,"SP","Critical Risk","Churned"
"2f3d8b4c9e2ee165075331fea3f3095a",1,5.00,147.35,0.0,1,0,"SC","Critical Risk","Churned"
"2f4b9d112bfa44a214bc6cef085d17c8",1,5.00,41.18,6.4,5,0,"ES","Critical Risk","Churned"
"2f73e04d12cdf0c945ded66bb3fcf6c7",1,4.00,641.18,18.3,3,0,"ES","Critical Risk","Churned"
"2f74af7a0ee5636f12c2336f9fffed47",7,4.29,55.30,5.6,13,0,"SP","Growing","Churned"
"2f9b7ce230a057a98a9f5df5893ee36c",2,4.50,85.93,1.1,2,0,"SP","At Risk","Churned"
"2fb25ab44bdbeae6a4d816e0d0c9d500",4,4.75,87.08,10.3,5,1,"RJ","At Risk","Survived"
"2fdde51ad3e12f297da656d4fbd5d0b5",7,4.71,445.53,6.1,10,0,"SC","Growing","Churned"
"3078096983cf766a32a06257648502d1",7,4.14,120.97,11.8,59,1,"SP","Growing","Survived"
"30a2f535bb48308f991d0b9ad4a8c4bb",4,4.60,67.32,17.9,71,1,"SP","At Risk","Survived"
"30c7f28fd3a5897b2c82d152bb760c17",1,1.00,788.71,7.3,7,0,"RJ","Critical Risk","Churned"
"31344c16881c08a8a72c6d2eb29918c1",5,4.60,278.26,19.0,43,1,"MG","At Risk","Survived"
"318f287a62ab7ac10b703ac37435a231",14,3.84,69.50,18.7,52,1,"SP","Growing","Survived"
"31ae0774c17fabd06ff707cc5bde005f",2,5.00,807.38,15.8,11,1,"SP","At Risk","Survived"
"31da954dc0855f2495c6310f70a2f931",6,4.17,108.22,11.5,29,1,"SP","Growing","Survived"
"325f3178fb58e2a9778334621eecdbf9",6,4.63,31.64,10.9,36,1,"SP","Growing","Survived"
"327b89b872c14d1c0be7235ef4871685",3,2.33,419.60,1.4,3,0,"AM","At Risk","Churned"
"328acb143b4a73aad6bee8e734f5d20d",2,4.00,367.38,0.1,2,0,"PR","At Risk","Churned"
"32e5635e63cb374eb63afdd242fb6134",1,5.00,927.82,0.0,1,0,"RJ","Critical Risk","Churned"
"32fdd5d44ecb43dfd6a24b9369eca144",8,4.38,77.24,1.8,8,0,"MG","Growing","Churned"
"3338e7a0710a195872be80e0d2423867",1,1.00,65.43,0.0,1,0,"SP","Critical Risk","Churned"
"3340ef1913fb70d28420f6ceb685c339",18,4.08,191.04,10.3,32,1,"PR","High Potential","Survived"
"33576ec5412fb5905d876f12f33bfde6",12,4.54,95.94,11.6,31,1,"PR","Growing","Survived"
"3361277dc30b7cccdb0c286b24219756",7,3.78,170.47,18.4,29,1,"PR","Growing","Survived"
"3364a91ec4d56c98e44174de954b94f6",4,3.25,758.01,4.1,6,0,"RO","At Risk","Churned"
"33a17d60c64393351ebf1ef860f4e0f2",5,4.80,228.05,13.4,43,1,"RS","At Risk","Survived"
"33ac3e28642ab8bda860a2f693000e78",8,5.00,111.72,17.6,34,1,"SP","Growing","Survived"
"33cbda8716511e27e556dff9d8418bf2",2,5.00,113.23,14.4,5,0,"SC","At Risk","Churned"
"343e716476e3748b069f980efbaa294e",1,5.00,50.86,15.9,17,1,"SP","Critical Risk","Survived"
"3442f8959a84dea7ee197c632cb2df15",1,1.00,117.62,3.9,3,0,"SP","Critical Risk","Churned"
"34675b28b826facfde119785bf287dc1",1,4.00,37.09,0.0,1,0,"PR","Critical Risk","Churned"
"3481aa57cd91f9f9d3fa1fa12d9a3bf7",2,3.00,76.51,10.7,25,1,"SP","At Risk","Survived"
"34aefe746cd81b7f3b23253ea28bef39",1,1.00,22.52,0.0,1,0,"PR","Critical Risk","Churned"
"34d1ca11b242c0fee2c834ae8d788566",11,4.36,321.24,17.5,40,1,"MG","Growing","Survived"
"3504c0cb71d7fa48d967e0e4c94d59d9",42,4.45,57.30,4.1,53,0,"SP","High Potential","Churned"
"35857757f553273b1056c1cabdace7fb",4,4.50,88.92,8.2,6,0,"SP","At Risk","Churned"
"3586b8580d9c917874e053a1bb37b5ff",11,4.77,48.58,15.5,36,1,"SP","Growing","Survived"
"35ef5aa32949680f627efec3c23e705c",3,2.75,52.40,3.5,4,0,"SC","At Risk","Churned"
"35fb511489d9ee3ee27a76debce9df06",2,4.50,156.34,13.7,7,1,"PR","At Risk","Survived"
"3606774ec64634822d78dc2db6d37045",1,5.00,196.27,3.8,2,0,"SP","Critical Risk","Churned"
"365e445f796710c3431557e85caa25db",3,4.25,207.91,4.5,4,0,"SP","At Risk","Churned"
"36a968b544695394e4e9d7572688598f",32,3.03,150.23,18.4,154,1,"SP","Critical Risk","Survived"
"373ee4a3a775a733770ca3f790b8b9ac",3,4.20,42.40,15.2,13,1,"RJ","At Risk","Survived"
"37515688008a7a40ac93e3b2e4ab203f",70,4.19,35.07,12.3,228,1,"SP","High Potential","Survived"
"376a891762bbdecbc02b4b6adec3fdda",11,4.45,161.89,11.6,57,1,"GO","Growing","Survived"
"3771c85bac139d2344864ede5d9341e3",16,3.47,68.17,6.7,26,0,"SP","Critical Risk","Churned"
"3785b653b1b82de85ab47dd139938091",2,5.00,74.47,11.4,21,1,"PR","At Risk","Survived"
"37be5a7c751166fbc5f8ccba4119e043",128,4.45,230.51,12.8,272,1,"SP","High Potential","Survived"
"37dd29b36c458d82f74a953c40c43645",3,3.67,448.91,7.7,7,0,"SP","At Risk","Churned"
"38102b031c2a15e54623d711bfc753d3",4,4.20,72.15,12.3,9,0,"CE","At Risk","Churned"
"381c83fdca332ea6afd896da20bf6e4a",8,4.00,238.17,12.1,46,1,"PR","Growing","Survived"
"3820c6537b3853be1a0687d5a60807ec",1,NULL,35.96,0.0,1,0,"SP","Critical Risk","Churned"
"385799a1cddbd26dfeb9157356a42282",3,4.80,103.87,5.5,5,0,"SP","At Risk","Churned"
"38874e327ce94d11390b96eb42d61928",1,3.00,783.22,12.8,6,0,"SP","Critical Risk","Churned"
"38e679b9e0064cd94c6f035707344dae",1,5.00,65.70,16.0,28,1,"PR","Critical Risk","Survived"
"38e6dada03429a47197d5d584d793b41",7,3.33,66.92,1.8,7,0,"SP","Critical Risk","Churned"
"391fc6631aebcf3004804e51b40bcf1e",8,2.69,88.94,23.0,526,1,"SP","Critical Risk","Survived"
"392e0502231ae2f8b29994ef6398cd77",14,4.15,92.21,18.5,20,0,"SP","Growing","Churned"
"3985a3c45be355a4c57fde108bfabd1c",4,4.50,57.17,4.8,7,0,"RS","At Risk","Churned"
"39c763cca83e654764b7a4a650fb9b7c",4,3.75,99.97,10.5,11,1,"GO","At Risk","Survived"
"3a490ba60afa30ece0e7d50cfe74a4f0",3,4.67,212.26,8.3,8,0,"MG","At Risk","Churned"
"3a52d63a8f9daf5a28f3626d7eb9bd28",1,1.00,52.78,0.0,1,0,"SP","Critical Risk","Churned"
"3a734b715d333a2588a3d54a0c9b8746",14,4.65,120.62,5.4,18,0,"SP","Growing","Churned"
"3ade81dab5a172b88e1871c28ae05260",5,4.00,218.54,10.8,30,1,"SP","At Risk","Survived"
"3b15288545f8928d3e65a8f949a28291",13,4.00,160.81,17.0,104,1,"SP","Growing","Survived"
"3bb548e3cb7f70f28e3f11ee9dce0e59",5,3.50,79.44,17.4,46,1,"PR","At Risk","Survived"
"3bdff180c7e1f6551a643b99c265a120",18,3.83,77.20,14.7,59,1,"SP","Critical Risk","Survived"
"3be5841cdcc46de4ed3f9116f104b2c5",4,4.75,171.99,0.6,4,0,"SP","At Risk","Churned"
"3be634553519fb6536a03e1358e9fdc7",23,4.54,77.25,13.8,83,1,"SP","High Potential","Survived"
"3c3017960b2dbd72711a61f0400aab8f",10,4.00,122.29,2.5,10,0,"SC","Growing","Churned"
"3c487ae8f8d7542beff5788e2e0aea83",6,2.89,339.60,12.4,30,1,"DF","Critical Risk","Survived"
"3c7c4a49ec3c6550809089c6a2ca9370",53,3.70,35.68,11.6,141,1,"SP","Critical Risk","Survived"
"3ca08eeb8d5595949fed424bd3677742",4,4.50,138.24,8.1,14,0,"PR","At Risk","Churned"
"3d01d1c414c44b5943a09619ff3853cb",4,4.50,94.21,0.2,4,0,"SP","At Risk","Churned"
"3d0cd21d41671c46f82cd11176bf7277",4,5.00,56.89,12.1,9,1,"SC","At Risk","Survived"
"3d290fe363c60a77498c1126fd3fb8d3",3,4.33,78.01,2.8,3,0,"SP","At Risk","Churned"
"3d39fbf22a665714baf62fae36029e23",2,4.50,200.73,10.5,8,1,"SP","At Risk","Survived"
"3d621842b2ed28e2b474132480edac3c",2,3.00,38.21,7.0,10,0,"SP","At Risk","Churned"
"3d700782d7818f2c1e0d7a9e9d75fc00",3,3.67,78.37,2.6,3,0,"SP","At Risk","Churned"
"3d871de0142ce09b7081e2b9d1733cb1",87,4.57,97.11,18.0,1080,1,"SP","High Potential","Survived"
"3db66a856d18a9cba7c9241fc5221c50",12,4.25,155.11,16.3,94,1,"MG","Growing","Survived"
"3dbbce181edfaa4a597ec858c382d2ec",3,3.67,76.17,7.9,17,0,"PR","At Risk","Churned"
"3df020b72d3d44b3af9d110fa3940b65",14,3.73,66.98,13.4,55,1,"SP","Growing","Survived"
"3ea00e1dea2b0659dbaf654735929220",4,5.00,91.51,12.8,7,0,"PR","At Risk","Churned"
"3ef37b7ca6dd2b80bd8af81a62504996",1,4.00,372.27,6.1,2,0,"SP","Critical Risk","Churned"
"3f0e48d209018b466fcd3bb4ccfeb520",5,4.67,542.39,5.7,9,0,"PR","At Risk","Churned"
"3f2af2670e104d1bcb54022274daeac5",3,3.33,200.97,7.8,6,0,"PR","At Risk","Churned"
"3f8034bfc6b8b4135534975d49f04c63",9,4.67,120.92,4.2,12,0,"PR","Growing","Churned"
"3f8247d0f772ffa58560e5c682521ad5",1,3.00,158.45,0.0,1,0,"SC","Critical Risk","Churned"
"3f995f07c49d0d55a99d5c54957f7d81",21,4.24,110.11,16.5,43,0,"SP","High Potential","Churned"
"3fadb4cba4c35bce6a7eaf9872d5623a",3,3.20,55.50,1.8,3,0,"RS","At Risk","Churned"
"3faf68a3b0af94b10bac70d86077be49",7,4.57,206.01,2.9,7,0,"SP","Growing","Churned"
"3fefda3299e6dfaea3466ef346a3571a",1,4.00,225.21,0.0,1,0,"PR","Critical Risk","Churned"
"4003520d80d0bad1d5623f7aa3c63cda",1,1.00,86.74,0.0,1,0,"RJ","Critical Risk","Churned"
"400f221ab83037c0ea78f1267da9624d",1,NULL,885.80,0.0,1,0,"SP","Critical Risk","Churned"
"403aa86912527d730337ffcb0fb096ab",2,4.00,2977.11,9.6,11,0,"MG","At Risk","Churned"
"4049512728d969bec69f84088b012416",1,5.00,39.64,9.4,7,0,"MG","Critical Risk","Churned"
"404e1ba01358af4cd63f679b2c4d1fa1",3,5.00,53.65,12.0,8,1,"MG","At Risk","Survived"
"40536e7ca18e1bce252828e5876466cc",2,1.00,240.75,0.2,2,0,"SP","At Risk","Churned"
"40d54b51e962dbe09cabbcfd33298dee",7,4.71,270.01,13.8,30,1,"SP","Growing","Survived"
"412a4720f3e9431b4afa1476a1acddbe",5,4.40,63.28,11.2,21,1,"SP","At Risk","Survived"
"41ab63a91b8b264e8c8780368bf1dd5b",2,3.50,98.54,9.3,12,0,"MG","At Risk","Churned"
"41b39e28db005d9731d9d485a83b4c38",42,4.46,103.11,19.3,195,1,"SP","High Potential","Survived"
"41b86b552e54e3a7009596125aa8b167",10,4.36,166.36,0.7,10,0,"SP","Growing","Churned"
"41c9d3997dd3c072c31139dc5bb5761f",3,4.33,370.18,1.2,3,0,"MG","At Risk","Churned"
"4200ddf1967c5e41e48db62bc6d4b5ac",10,4.09,28.57,8.0,22,0,"SP","Growing","Churned"
"422be4cc81a457fdb46f47edeb968ae5",1,5.00,317.37,0.0,1,0,"SP","Critical Risk","Churned"
"42bde9fef835393bb8a8849cb6b7f245",17,4.33,248.92,13.6,35,0,"DF","High Potential","Churned"
"42fb44130ac3134cde8e35cf8ec7df25",3,3.67,33.05,1.6,3,0,"SP","At Risk","Churned"
"4305fe92735c8a43d154ff6dd2b8d927",13,4.43,154.98,13.2,19,0,"MG","Growing","Churned"
"431af27f296bc6519d890aa5a05fdb11",25,4.04,119.94,15.4,117,1,"SP","High Potential","Survived"
"4324dd16853115efb0fd9d0d131ba6f4",3,3.50,91.91,9.3,12,0,"SP","At Risk","Churned"
"432c37c9dfba871172ec162e20118b8c",13,4.00,52.89,13.5,46,1,"DF","Growing","Survived"
"432c67955c0acd1fd6b0b5d678766a71",2,3.00,554.53,4.0,3,0,"SP","At Risk","Churned"
"436bf27f2f18474fc6047702e9f8a866",1,5.00,44.42,0.0,1,0,"SP","Critical Risk","Churned"
"4371b634e0efc0e22b09b52907d9d469",12,5.00,56.35,14.1,102,1,"SP","Growing","Survived"
"43753b27d77860f1654aa72e251a7878",1,5.00,66.28,0.0,1,0,"BA","Critical Risk","Churned"
"4391ea5c5990502176a1dcda44a2373d",2,5.00,592.98,7.1,3,0,"RS","At Risk","Churned"
"439a47cc365d6e3bd526812ea9de3c29",1,5.00,144.64,10.6,8,1,"SP","Critical Risk","Survived"
"43a1d4bab73b816e44ef4e4facd9f9b5",1,4.00,205.40,0.0,1,0,"PR","Critical Risk","Churned"
"43a5d4a57af536fddc96d08be3afdfcb",1,1.00,99.83,0.0,1,0,"MG","Critical Risk","Churned"
"43f8c9950d11ecd03a0304a49e010da6",18,4.44,140.17,10.2,41,1,"SP","High Potential","Survived"
"44073f8b7e41514de3b7815dd0237f4f",35,4.00,146.96,17.7,144,1,"DF","High Potential","Survived"
"440dd6ab244315c632130ecfb63827b1",3,4.67,109.80,22.3,94,1,"SP","At Risk","Survived"
"443d880f15cbd3572885e1d44bf2c478",1,2.00,62.50,0.0,1,0,"SP","Critical Risk","Churned"
"4450bd8327d471c4a11a83d1445b1b62",1,5.00,214.56,0.0,1,0,"SP","Critical Risk","Churned"
"44f091b5abab8018f682fce8124b85e5",6,2.50,297.95,2.1,6,0,"SP","Critical Risk","Churned"
"45213867cefbf2cd4c6177e10216a951",6,4.33,405.38,8.6,14,0,"SP","Growing","Churned"
"4559697a8f7e637227c2eeaed843baff",2,2.50,266.96,16.6,42,1,"SP","At Risk","Survived"
"458d868c9642f55f18f04e951a3fdde6",2,5.00,1411.38,2.1,2,0,"RS","At Risk","Churned"
"45a3d05fb00435e52a28859dd03703b3",1,5.00,1323.79,0.0,1,0,"SP","Critical Risk","Churned"
"45c20d94d9171b0bcfab3c955e47d67b",3,4.33,52.99,3.9,4,0,"SP","At Risk","Churned"
"45d33f715e24d15a6ccf5c17b3a23e3c",1,3.00,53.73,22.7,59,1,"SP","Critical Risk","Survived"
"46dc3b2cc0980fb8ec44634e21d2718e",10,3.11,230.74,22.7,521,1,"RJ","Critical Risk","Survived"
"46ef1a25845fc051c2998d878354810c",1,4.00,75.31,11.3,5,1,"MG","Critical Risk","Survived"
"478bfe564db21eeb44386606aa30b650",3,4.67,76.93,2.7,3,0,"MG","At Risk","Churned"
"47f55702f598c7c6cc8458b0fbc1c49a",2,5.00,81.70,1.5,2,0,"MG","At Risk","Churned"
"48162d548f5b1b11b9d29d1e01f75a61",11,3.67,290.43,18.9,68,1,"SP","Growing","Survived"
"4830e40640734fc1c52cd21127c341d4",14,4.57,53.62,13.3,210,1,"SP","Growing","Survived"
"48328ec9a579151d9cc6a86d4a59336c",1,2.00,1196.78,0.0,1,0,"RS","Critical Risk","Churned"
"48436dade18ac8b2bce089ec2a041202",27,4.07,103.54,17.4,138,1,"SP","High Potential","Survived"
"4869f7a5dfa277a7dca6462dcf3b52b2",8,4.25,264.55,17.8,1132,1,"SP","Growing","Survived"
"48985c61529077fa4f1e38bcff0f2ed3",4,4.00,147.81,6.1,7,0,"RS","At Risk","Churned"
"48bad451945f5227341793478d6353ea",2,4.50,126.46,10.4,3,1,"SP","At Risk","Survived"
"48efc9d94a9834137efd9ea76b065a38",33,5.00,19.59,1.1,33,0,"PR","High Potential","Churned"
"48fb026ed7455a42f5d3e9390ed5088e",9,2.56,76.16,6.5,11,0,"RJ","Critical Risk","Churned"
"49067458c68f7701fd334ce326accbe0",2,3.00,43.59,10.8,17,1,"MG","At Risk","Survived"
"4917cee8d902e13428c3ec4b1ca6f315",13,3.67,192.66,15.1,33,1,"SC","Growing","Survived"
"491a5ada3aa1678414e990262c4bbdc1",2,3.00,1436.91,1.0,2,0,"SP","At Risk","Churned"
"4992e76a42cb3aad7a7047e0d3d7e729",8,3.00,40.09,15.3,57,1,"SP","Critical Risk","Survived"
"49e7217cfe4e427191c378ec626d8737",2,5.00,92.07,12.4,13,1,"MG","At Risk","Survived"
"4a3ca9315b744ce9f8e9374361493884",118,3.94,109.36,19.9,1806,1,"SP","Critical Risk","Survived"
"4a3ccda38b2129705f3fb522db62ca31",29,4.03,161.68,11.3,66,1,"SP","High Potential","Survived"
"4a82c4af97ffc0fb2dc26bfdc03b1842",3,5.00,70.30,2.6,3,0,"MG","At Risk","Churned"
"4aba391bc3b88717ce08eb11e44937b2",9,3.60,266.17,18.3,29,1,"BA","Growing","Survived"
"4b1eaadf791bdbbad8c4a35b65236d52",2,3.00,123.50,5.5,8,0,"SP","At Risk","Churned"
"4b5f66b7adcf57f1ecc0d3c07dd6b177",6,4.71,194.59,16.4,23,1,"PR","Growing","Survived"
"4b90495391ac0bd181a80a459df1e718",1,4.00,266.11,0.0,1,0,"RS","Critical Risk","Churned"
"4b9750c8ad28220fe6702d4ecb7c898f",26,4.00,90.60,10.6,218,1,"SP","High Potential","Survived"
"4b98b0428fc1932cc2514ef9ce2505e6",2,2.33,173.18,2.2,2,0,"SP","At Risk","Churned"
"4ba52dfeba874da5b9ee7b17c7494f04",11,4.36,151.63,2.8,11,0,"SP","Growing","Churned"
"4bde6149c15cf7e177b36fa060dd6de8",2,5.00,96.23,0.1,2,0,"RS","At Risk","Churned"
"4be2e7f96b4fd749d52dff41f80e39dd",1,1.00,299.84,0.0,1,0,"AC","Critical Risk","Churned"
"4bf2f4ee540798a61f9636d12cd9cc80",2,5.00,196.96,16.6,29,0,"SP","At Risk","Churned"
"4bf658053d453036c70976bccb2c31b2",2,4.50,912.28,1.1,2,0,"SP","At Risk","Churned"
"4c03b9dd4c11ee2cb35c96c49efc9420",40,4.28,157.37,5.2,48,0,"SP","High Potential","Churned"
"4c2b230173bb36f9b240f2b8ac11786e",2,4.33,48.79,18.4,261,1,"SP","At Risk","Survived"
"4c8b8048e33af2bf94f2eb547746a916",5,4.40,61.50,12.2,23,1,"SP","At Risk","Survived"
"4cf490a58259286ada5ba8525ba9e84a",3,1.67,192.48,8.5,8,0,"SP","At Risk","Churned"
"4d600e08ecbe08258c79e536c5a42fee",3,3.67,666.34,5.3,8,0,"PR","At Risk","Churned"
"4d6d651bd7684af3fffabd5f08d12e5a",44,3.92,91.26,16.2,369,1,"SP","Critical Risk","Survived"
"4d6fb82c629c7a5028bfd973c07b05e0",2,2.00,163.72,0.2,2,0,"MG","At Risk","Churned"
"4da0e408c99d2fdc2126dc9fce518060",12,4.83,70.31,19.2,44,1,"PR","Growing","Survived"
"4dbd95a08b31ede5c82d3f861cb1ce1a",4,4.00,324.28,5.9,6,0,"PR","At Risk","Churned"
"4ddeb3e828550cddc8d45c8bc36ab2d1",1,5.00,164.45,0.0,1,0,"SP","Critical Risk","Churned"
"4e06067cc08b3f41d837768d392c3ee3",4,4.20,36.46,12.8,31,1,"MG","At Risk","Survived"
"4e17c65a516f69d023a2ae78b84f28d6",5,3.80,274.82,17.7,61,1,"SP","At Risk","Survived"
"4e6015589b781adaa5ce7f1892d06bb1",2,3.50,247.10,3.5,3,0,"SP","At Risk","Churned"
"4e7c18b98d84e05cbae3ff0ff03846c2",28,4.42,142.33,17.4,82,1,"SP","High Potential","Survived"
"4e85b538b0dad58852641540686d0e14",1,5.00,21.75,11.1,4,1,"SP","Critical Risk","Survived"
"4e8dacf3d38f281ae26c3e0321d92d88",9,2.57,167.17,4.3,10,0,"SP","Critical Risk","Churned"
"4e922959ae960d389249c378d1c939f5",1,3.00,33.52,22.9,420,1,"SP","Critical Risk","Survived"
"4ea2f12dbe91deeacd2c1e74f069a6e6",3,4.75,53.12,7.2,4,0,"SP","At Risk","Churned"
"4ebdc7e6cd6102a022dadc49156d4ea8",7,3.38,46.81,17.1,29,1,"SP","Critical Risk","Survived"
"5011f0d93373a4c5753adf58ca77af8d",6,3.42,47.26,9.0,12,0,"SP","Critical Risk","Churned"
"503c1de08ae81a2d86f17951b204db55",8,4.63,232.22,13.1,22,1,"SP","Growing","Survived"
"5058e8c1e82653974541e83690655b4a",23,3.44,155.69,9.7,63,0,"SP","Critical Risk","Churned"
"5075aaa8404020ae6aa8bf4792099b41",5,2.80,61.23,10.1,13,0,"MG","At Risk","Churned"
"50c9975695009e5e6473912e83a6d1da",11,4.89,82.75,17.8,50,1,"MG","Growing","Survived"
"5151aea44289d6c6b090ee31c2132508",7,1.83,211.78,0.1,7,0,"SP","Critical Risk","Churned"
"515d781150feed28a6ac091bb0e3cb8c",1,5.00,237.97,7.2,6,0,"MS","Critical Risk","Churned"
"5160d23075764e18e07c1f4a87fad743",30,4.39,78.32,3.8,34,0,"SP","High Potential","Churned"
"51702dc2a3e106c76dbff722b5bf0726",5,4.83,191.28,14.3,13,0,"SP","At Risk","Churned"
"51e0557bc7b86de13e946c60ee91ce39",1,5.00,63.40,0.0,1,0,"MG","Critical Risk","Churned"
"520b493b57809f446cb0a233bb3e25c7",22,3.88,80.50,9.5,63,0,"SP","Critical Risk","Churned"
"522620dcb18a6b31cd7bdf73665113a9",3,4.00,257.44,22.4,174,1,"PR","At Risk","Survived"
"5236605f4d4b0b3e4df85b850393fca0",1,4.00,118.85,12.0,5,1,"SP","Critical Risk","Survived"
"52562a9f449c3dc3d53f5f5b9ed74903",5,4.80,525.86,11.7,14,1,"RN","At Risk","Survived"
"525e75a6fb1454a2325ab1734bcec221",4,4.20,85.38,5.7,10,0,"SP","At Risk","Churned"
"527801b552d0077ffd170872eb49683b",27,4.37,110.39,10.8,90,1,"SP","High Potential","Survived"
"528bcf6680c36dddf07620bd35b33a6f",1,5.00,548.45,4.2,2,0,"SP","Critical Risk","Churned"
"528ce32f560edd11add4169f6a5b65be",2,5.00,37.55,2.6,2,0,"SP","At Risk","Churned"
"52ac6f920b7280e4c6d30dd94de6259b",3,3.00,790.20,15.0,6,0,"PR","At Risk","Churned"
"52b53f7061969fe471d119b6195da864",1,5.00,98.37,0.0,1,0,"SP","Critical Risk","Churned"
"52d76513f0c4d97f3b99570e2c94ee31",3,5.00,122.61,13.3,19,1,"RS","At Risk","Survived"
"52f6f9f13ba19504c02781132a049e75",1,2.00,222.13,0.0,1,0,"PR","Critical Risk","Churned"
"52f976b17ea7f2f087f56dcc419328f6",2,2.00,1482.29,9.7,6,0,"PR","At Risk","Churned"
"530ec6109d11eaaf87999465c6afee01",11,4.38,149.16,15.2,97,1,"PR","Growing","Survived"
"53243585a1d6dc2643021fd1853d8905",199,4.30,783.26,11.9,358,1,"BA","High Potential","Survived"
"53336f97ddbe53e2a617d07b17447b95",1,5.00,674.83,0.0,1,0,"SP","Critical Risk","Churned"
"534a01cc6df1e034e05c32028a291fa2",5,4.40,59.09,2.3,5,0,"SP","At Risk","Churned"
"537eb890efff034a88679788b647c564",21,4.23,51.44,13.6,160,1,"RJ","High Potential","Survived"
"538caafddff204241cecbf3a02e6b3cf",4,2.00,26.28,14.1,9,0,"SP","At Risk","Churned"
"53e4c6e0f4312d4d2107a8c9cddf45cd",52,4.05,78.07,18.4,473,1,"SP","High Potential","Survived"
"54065e9aef7e9e9c2dc23b7594db021a",10,4.40,650.54,12.2,14,0,"RJ","Growing","Churned"
"542917da124346b47ea1ac79a93ce454",5,4.40,126.29,5.2,20,0,"PR","At Risk","Churned"
"5444b12c82f21c923f2639ebc722c1ea",1,4.00,179.46,0.0,1,0,"SP","Critical Risk","Churned"
"54a1852d1b8f10312c55e906355666ee",30,4.13,113.44,19.5,200,1,"SP","High Potential","Survived"
"54aa8463e87776b5612f4bdc4bd5d4de",1,3.00,286.55,4.6,7,0,"MG","Critical Risk","Churned"
"5563732abe64c3036cb97ad924128dd1",1,4.00,79.21,5.9,2,0,"SP","Critical Risk","Churned"
"5566627eab3fe93fd6ee08798226101a",3,5.00,38.71,9.5,5,0,"PR","At Risk","Churned"
"557f22c76691849db52d2abccf0015d0",12,3.17,88.07,4.2,13,0,"GO","Critical Risk","Churned"
"55a5b51f93f2b70ea513f5a047b0262a",17,4.39,127.58,6.2,39,0,"MG","High Potential","Churned"
"55c96925041a14097b6a7825554f4ad5",4,4.80,36.11,9.9,6,0,"SP","At Risk","Churned"
"55d3daac7c404d59e51c2aa2f4dc5a23",5,4.57,207.46,14.8,21,0,"SP","At Risk","Churned"
"5656537e588803a555b8eb41f07a944b",1,5.00,47.54,22.9,174,1,"DF","Critical Risk","Survived"
"5659d77e8d90378e39b960ad5956f64e",1,4.00,95.56,6.4,2,0,"SP","Critical Risk","Churned"
"56642bcb79900e777d68e91915cb4267",2,5.00,115.84,21.8,48,1,"SP","At Risk","Survived"
"56a8b450e802502ba53a9885ee38e29f",1,1.00,77.65,0.0,1,0,"SP","Critical Risk","Churned"
"56db5c0782e8f7ddc9343f9576ff6d16",1,1.00,192.90,18.6,2,0,"SC","Critical Risk","Churned"
"56f413900b5166ab4d730e9ac0b12cb0",3,4.67,64.75,0.5,3,0,"SP","At Risk","Churned"
"570d4583587a5fe2d47c7be89b91ad27",2,5.00,74.46,0.2,2,0,"SP","At Risk","Churned"
"575df70bde3f9f2b30bf8d2e9910d725",1,5.00,233.60,22.6,27,1,"SP","Critical Risk","Survived"
"578460d8319c51dab351cd9db95eadfe",1,3.00,270.45,0.0,1,0,"GO","Critical Risk","Churned"
"578fa3a9cb6b6dceab39231ad59cdaca",1,5.00,105.39,7.5,3,0,"CE","Critical Risk","Churned"
"579891617139df7d8671d373f0669622",3,5.00,47.24,13.0,8,0,"RJ","At Risk","Churned"
"57c764b4a836300be881e2ff86e449f9",9,4.56,108.06,18.9,29,1,"SP","Growing","Survived"
"57e632711dec9ec14ca7546769483e7e",6,4.86,121.73,18.3,62,1,"SC","Growing","Survived"
"57fe6232e67823593374a2281d7a8af8",3,4.67,35.09,9.0,8,0,"SP","At Risk","Churned"
"582d4f8675b945722eda7c0cb61ba4c7",10,4.64,114.67,18.7,59,1,"SP","Growing","Survived"
"585175ec331ea177fa47199e39a6170a",1,5.00,3602.47,0.0,1,0,"MG","Critical Risk","Churned"
"586a871d4f1221763fddb6ceefdeb95e",1,1.00,119.74,0.0,1,0,"RS","Critical Risk","Churned"
"5882820ef11c4c068eea0677a7a879b4",2,4.00,41.41,15.7,14,1,"RS","At Risk","Survived"
"5882f40daf39bc2a465e0cb453ddc222",1,2.00,698.90,0.0,1,0,"SP","Critical Risk","Churned"
"58e4b302b54937e55a678c4d15111da4",1,5.00,64.42,5.0,3,0,"PR","Critical Risk","Churned"
"59417c56835dd8e2e72f91f809cd4092",8,4.25,2949.70,8.3,18,0,"SP","Growing","Churned"
"5962468f885ea01a1b6a97a218797b0a",3,4.33,127.46,5.9,8,0,"PR","At Risk","Churned"
"59b22a78efb79a4797979612b885db36",37,3.86,179.85,13.4,125,1,"MG","Critical Risk","Survived"
"59cd88080b93f3c18508673122d26169",5,4.83,44.89,4.5,10,0,"SP","At Risk","Churned"
"59fb871bf6f4522a87ba567b42dafecf",1,1.00,126.25,18.4,126,1,"SP","Critical Risk","Survived"
"5a8e7d5003a1f221f9e1d6e411de7c23",1,3.00,74.73,23.0,139,1,"SP","Critical Risk","Survived"
"5a93f3ab0ef4c84ed5e1b5dbf23978bc",7,4.88,42.12,9.9,39,0,"SP","Growing","Churned"
"5aaa890629f83706d8d9bfecd8377c1c",1,1.00,66.82,0.0,1,0,"RJ","Critical Risk","Churned"
"5ab05b6d86d417796c69ffd6774ec832",2,5.00,117.37,19.4,10,1,"SP","At Risk","Survived"
"5abb8ea023c77787f2c15da891c8d384",7,4.00,202.20,9.6,13,0,"SC","Growing","Churned"
"5b179e9e8cc7ab6fd113a46ca584da81",4,1.67,119.53,11.5,34,1,"SP","At Risk","Survived"
"5b33b527da3c5b969cc99dc435cad09a",9,3.89,168.65,18.7,16,0,"PR","Growing","Churned"
"5b35136197710e16ac5e7b7c2bd4ea85",2,4.33,235.19,7.6,7,0,"RJ","At Risk","Churned"
"5b581417df4480f632484ba681e53944",2,3.00,209.00,6.6,12,0,"SC","At Risk","Churned"
"5b664594895aefb418afaee6d40a9a23",2,4.50,54.19,18.9,16,1,"RJ","At Risk","Survived"
"5b67882648febfb6e1225e6ad7164f6b",10,4.33,111.48,13.2,27,1,"PR","Growing","Survived"
"5b8154610ebb21fb90eb587365e673df",7,4.14,181.44,12.8,38,1,"SP","Growing","Survived"
"5b925e1d006e9476d738aa200751b73b",28,4.65,165.17,10.6,63,1,"SP","High Potential","Survived"
"5b92bfa4120daa27c574daa2e386c693",1,3.00,24.96,0.0,1,0,"SP","Critical Risk","Churned"
"5b97c06a046398e7005b2b7c0d707a92",4,3.25,442.40,2.1,4,0,"MG","At Risk","Churned"
"5bba18b40e8c973b0f32e748004775b0",1,5.00,784.80,0.0,1,0,"SP","Critical Risk","Churned"
"5bc237df65098fe211bb4818f4d26d78",1,4.00,74.49,7.3,2,0,"MG","Critical Risk","Churned"
"5bffbafbb22daf6d3bfc216a46db8708",19,4.85,265.24,4.0,21,0,"RJ","High Potential","Churned"
"5c243662ce92d84573bfaff24c3e3700",27,4.21,374.99,12.6,98,1,"SP","High Potential","Survived"
"5c603ffb38cbbf25a0e0698941324143",2,1.00,196.81,0.1,2,0,"MG","At Risk","Churned"
"5c6d4016c2a288f074fa0848a2b653d2",10,4.30,87.40,10.9,32,1,"SP","Growing","Survived"
"5c853bb56f70f4d14218944bae111d7a",5,3.50,16.10,18.2,23,0,"SP","At Risk","Churned"
"5cbbd5a299cab112b7bf23862255e43e",11,4.42,69.78,11.2,36,1,"PR","Growing","Survived"
"5cf13accae3222c70a9cac40818ae839",15,4.31,87.58,19.5,149,1,"MG","Growing","Survived"
"5cf1ec37aea089f45110c70653a166ab",2,3.00,32.66,8.5,3,0,"SP","At Risk","Churned"
"5d043cd5512d4bd2f88e5ccdd5736c38",1,2.00,714.91,0.0,1,0,"SP","Critical Risk","Churned"
"5d378b73ab7dd6f0418d743e5dcb0bd1",7,3.86,1948.04,1.2,7,0,"SP","Growing","Churned"
"5d3bb11474a06bdc23fb9e89f1164ee0",10,4.80,192.21,13.5,31,1,"SP","Growing","Survived"
"5d505d2298ad549e4e4e835562fa0c1e",2,5.00,139.07,0.6,2,0,"SP","At Risk","Churned"
"5d9dc90a686a8fddacffab6bab5653a3",4,4.50,69.62,10.6,12,1,"SP","At Risk","Survived"
"5dc4bdaf869e8c77c648078cbe8d59c2",1,1.00,327.49,0.0,1,0,"SC","Critical Risk","Churned"
"5dceca129747e92ff8ef7a997dc4f8ca",65,4.46,220.93,17.1,325,1,"SP","High Potential","Survived"
"5e106d93b717c2682b9383da480364a1",1,5.00,467.61,0.0,1,0,"PR","Critical Risk","Churned"
"5ee7fd217d08dfe5d3e2f51f96a12c9a",1,5.00,185.55,14.3,9,0,"SP","Critical Risk","Churned"
"5eeb9c756d9780b96283e5a2ac6da334",3,3.33,361.44,9.4,9,0,"SP","At Risk","Churned"
"5f0057b677eb963672bf05dfa3f16c34",2,5.00,91.52,4.5,5,0,"SP","At Risk","Churned"
"5f06030071324cc52bf0304014ac7234",4,4.00,221.08,0.2,4,0,"SP","At Risk","Churned"
"5f1dc28029d2c244352a68107ec2b542",6,4.71,33.97,17.1,62,1,"SP","Growing","Survived"
"5f2684dab12e59f83bef73ae57724e45",1,5.00,142.34,23.1,68,1,"SP","Critical Risk","Survived"
"5f7300535881cef3b625fd683cf7d145",1,3.00,46.01,9.3,10,0,"RS","Critical Risk","Churned"
"5fd924b4836098a5be0ecf81ba054ce0",7,4.00,160.54,1.4,7,0,"SP","Growing","Churned"
"6039e27294dc75811c0d8a39069f52c0",7,4.00,197.77,18.0,64,1,"SP","Growing","Survived"
"60ad151920c4f6f3ebbe8cfdf6166779",2,1.00,75.34,0.1,2,0,"SP","At Risk","Churned"
"612a743d294c27884fb7b80d2b19ba35",1,4.00,43.01,18.9,2,0,"PR","Critical Risk","Churned"
"615005a3ef192c00c6f0e977cee3d2bc",5,4.33,43.32,4.3,10,0,"SP","At Risk","Churned"
"6179a28a13a726c29b3bf54c070dccab",2,3.00,343.12,1.8,2,0,"MG","At Risk","Churned"
"61b893c57e33626afb104d4112b1be76",1,1.00,88.09,0.0,1,0,"MG","Critical Risk","Churned"
"61f159ef6da2d441951d2c0efa719362",2,1.00,65.96,0.2,2,0,"ES","At Risk","Churned"
"620c87c171fb2a6dd6e8bb4dec959fc6",25,4.63,211.63,23.0,738,1,"RJ","High Potential","Survived"
"6219ba2359cfb97f2e38fd4c321eb309",4,3.33,89.80,9.4,6,0,"SP","At Risk","Churned"
"624f4ece8da4aafb77699233d480f8ef",1,5.00,237.45,22.8,53,1,"SP","Critical Risk","Survived"
"62760d278921b5f352461620d68a9cee",3,3.67,150.03,0.3,3,0,"SP","At Risk","Churned"
"6288c69c4ce638e59925e59193f98b16",8,4.13,341.50,16.8,22,1,"SP","Growing","Survived"
"62c50c1af4dfdc4149d25c5222043d39",2,5.00,150.77,11.7,14,1,"SP","At Risk","Survived"
"63272377184e969942f7fff221be858d",2,5.00,108.12,0.0,2,0,"SP","At Risk","Churned"
"6338ea67c41078a46ad99cc009654956",6,4.71,88.60,18.7,37,1,"RS","Growing","Survived"
"633ecdf879b94b5337cca303328e4a25",6,1.80,187.58,0.2,6,0,"SP","Critical Risk","Churned"
"638cba8be1fb599bbb76fd6948351eb3",9,4.71,32.66,4.8,17,0,"SP","Growing","Churned"
"63b464dbf392c7b80d12d932fa7cafed",4,3.75,181.72,12.0,37,1,"SP","At Risk","Survived"
"63b9ae557efed31d1f7687917d248a8d",1,5.00,24.52,4.4,5,0,"SP","Critical Risk","Churned"
"63bc58679c44e8a998792119fd7ad23e",1,1.00,34.01,0.0,1,0,"SP","Critical Risk","Churned"
"63ffcb71394dd8ea3872ed9ffda17c74",7,2.14,37.98,5.8,17,0,"RJ","Critical Risk","Churned"
"6426d21aca402a131fc0a5d0960a3c90",15,4.13,66.42,4.7,23,0,"SP","Growing","Churned"
"643214e62b870443ccbe55ab29a4dccf",17,4.47,83.81,10.9,66,1,"SP","High Potential","Survived"
"64b87978a11c1ea7501a89eabe8c2c1a",7,2.00,84.55,0.5,7,0,"SP","Critical Risk","Churned"
"6560211a19b47992c3666cc44a7e94c0",120,3.94,71.20,18.6,1854,1,"SP","Critical Risk","Survived"
"6562efe88ce0826a4ca4f189f03b4b84",4,4.22,60.44,10.0,9,0,"PR","At Risk","Churned"
"656591be56071d4c9ef4e5fee78a578a",7,4.64,183.75,2.1,7,0,"SP","Growing","Churned"
"6576fd3e23c88f0e5d4d23f39bba0542",1,1.00,25.46,0.0,1,0,"SP","Critical Risk","Churned"
"659e8466eb3ff1b0e8740d74fb7bbedd",2,4.00,189.02,11.8,11,1,"BA","At Risk","Survived"
"65a7c0788e4d632ccb5e1b594b87f0bb",1,5.00,126.92,4.3,3,0,"SP","Critical Risk","Churned"
"65c255b299faf2d12050937cc219c46c",2,4.50,55.04,1.2,2,0,"SP","At Risk","Churned"
"6614814a00d344b846ae209f95ee7e3f",1,1.00,25.69,0.0,1,0,"SP","Critical Risk","Churned"
"6624bc09786f0e41ae48dfc5eeb1a9e2",1,5.00,107.01,0.0,1,0,"MG","Critical Risk","Churned"
"6650fcccd8cd2f7e55ffa524f30c4c59",3,2.67,231.90,2.1,3,0,"SP","At Risk","Churned"
"66922902710d126a0e7d26b0e3805106",11,4.55,115.13,15.5,151,1,"MG","Growing","Survived"
"669ae81880e08f269a64487cfb287169",31,4.33,94.67,18.8,162,1,"SC","High Potential","Survived"
"66dc1b1632bd6a3e508510c5b3492107",7,3.57,84.31,13.0,37,1,"SP","Growing","Survived"
"66e0557ecc2b4dbea057e93f215f68d8",5,4.80,474.27,8.8,31,0,"SP","At Risk","Churned"
"66fd84ee7528c0c0de85d0f44a73d5ab",9,2.89,84.85,4.3,11,0,"RS","Critical Risk","Churned"
"670a9dda115b5a88b18cfadee8de2332",3,4.67,100.99,11.7,11,1,"SP","At Risk","Survived"
"67225bff54a172ff67579aaf583efd78",6,4.33,187.12,4.7,8,0,"PA","Growing","Churned"
"6750d71153f00fc58829af2a8ef1bcf1",4,4.20,687.75,4.4,6,0,"RJ","At Risk","Churned"
"679769a98cfcc6da877c8486ff1c13f3",6,4.67,342.10,18.1,21,1,"MG","Growing","Survived"
"67bf6941ba2f1fa1d02c375766bc3e53",3,4.33,341.20,11.5,16,1,"PR","At Risk","Survived"
"67e43d802fde8cfd3f9580124f8167d1",2,1.00,26.12,0.6,2,0,"SP","At Risk","Churned"
"68f86ba270525243e68ae74044f992b9",1,3.00,84.24,11.8,11,1,"RJ","Critical Risk","Survived"
"6902157ee16728322d61a1321fa79e58",2,3.00,95.72,0.5,2,0,"SP","At Risk","Churned"
"6989574bd97d9773f10d232b6c07da59",3,5.00,412.71,16.3,7,0,"PR","At Risk","Churned"
"69a43819c758c65a5befb0b471c954d7",1,4.00,115.40,3.1,2,0,"PR","Critical Risk","Churned"
"6a0cbc8af2e8abd1bdfb777943d174c6",4,5.00,119.06,14.1,35,1,"SP","At Risk","Survived"
"6a51fc556dab5f766ced6fbc860bc613",8,4.09,193.32,16.7,26,1,"SP","Growing","Survived"
"6a8b085f816a1f75f92dbac6eb545f8f",21,4.64,55.32,13.0,127,1,"SP","High Potential","Survived"
"6b15924333bd1a741595fe981ea04822",8,4.63,40.88,5.1,21,0,"SP","Growing","Churned"
"6b243f80ed07b10f0e8aa0f21a205f3c",7,4.00,101.53,13.4,79,1,"PR","Growing","Survived"
"6b2612338467c08c9b25f0cc55b1578d",1,4.00,113.87,0.0,1,0,"PR","Critical Risk","Churned"
"6b9b80d53ba3676eafe60268a810b5a1",6,4.00,101.56,6.9,10,0,"SP","Growing","Churned"
"6bb0724edf0b62fb91ac404873a97241",1,5.00,146.01,13.5,17,1,"SP","Critical Risk","Survived"
"6bcb2352a2a0c38b845f598298ab9d26",1,5.00,31.00,3.5,2,0,"PR","Critical Risk","Churned"
"6bd69102ab48df500790a8cecfc285c2",2,3.00,1310.76,10.6,5,1,"SP","At Risk","Survived"
"6c12e40690c335dbc2f68a4134d30dc1",8,4.43,705.91,17.7,16,1,"PR","Growing","Survived"
"6c177e38df6d3f34182b1f1d427231bf",12,4.50,174.80,18.7,55,0,"PR","Growing","Churned"
"6c1b6d0c604b776f844125f911eb7377",5,3.40,104.90,1.3,5,0,"SP","At Risk","Churned"
"6c7d50c24b3ccd2fd83b44d8bb34e073",31,4.45,85.29,13.4,114,1,"SP","High Potential","Survived"
"6c9875b2f94ba781186f0c1aed8d1687",2,5.00,15.76,2.8,2,0,"SP","At Risk","Churned"
"6cd68b3ed6d59aaa9fece558ad360c0a",32,4.48,83.77,15.1,149,1,"MG","High Potential","Survived"
"6cf476a4ca74498db55cbccdaa9dcfb6",1,5.00,594.46,7.9,6,0,"SP","Critical Risk","Churned"
"6d04126aba80df143fd038e711b8fd96",1,1.00,108.86,0.0,1,0,"RJ","Critical Risk","Churned"
"6d1b9c9579132c87d2703ec38c30f2c5",2,4.00,85.49,4.3,4,0,"PR","At Risk","Churned"
"6d22a1fcebb6dd08c9cd90b92a93e8d0",5,3.60,59.26,5.1,12,0,"SC","At Risk","Churned"
"6d2f2e3b539480db1e0842b3a4e32e6e",3,4.33,79.04,0.4,3,0,"SP","At Risk","Churned"
"6d66611d7c44cc30ce351abc49a68421",9,4.22,92.75,19.0,166,1,"SP","Growing","Survived"
"6d7f8d9d594e28796b6b3205b00f459c",3,3.67,159.00,2.1,3,0,"PR","At Risk","Churned"
"6d803cb79cc31c41c4c789a75933b3c7",16,4.67,132.19,10.6,58,1,"SP","High Potential","Survived"
"6d988d6174a2c27441597174f8905515",1,5.00,20.67,16.5,19,1,"PR","Critical Risk","Survived"
"6da1992f915d77be95d7fa48b36904af",5,4.67,42.39,3.3,7,0,"SP","At Risk","Churned"
"6dc9bec584588412a6a338830946a3e4",2,1.50,333.92,0.5,2,0,"SP","At Risk","Churned"
"6df688df543f90e9b38f4319e75a9d88",13,4.17,42.81,9.8,40,0,"MG","Growing","Churned"
"6e0908ef4d4efadbc3cc2b74ea477cb0",5,4.25,67.74,6.9,8,0,"RJ","At Risk","Churned"
"6e85dc5ecd97a61094b89b046a509d8e",1,1.00,182.59,0.0,1,0,"SP","Critical Risk","Churned"
"6e864f5c4669eff3d98140a07cc50202",6,4.17,101.40,10.0,13,0,"SP","Growing","Churned"
"6ec1a01e866584bb679eb9b098345919",8,4.50,80.48,13.8,31,1,"SP","Growing","Survived"
"6edacfd9f9074789dad6d62ba7950b9c",25,4.52,83.84,19.6,208,1,"SP","High Potential","Survived"
"6ee85be3693ed79a8e80718743d80655",3,3.67,47.97,4.1,9,0,"SP","At Risk","Churned"
"6f1a1263039c76e68f40a8e536b1da6a",1,3.00,50.06,4.0,4,0,"SP","Critical Risk","Churned"
"6f229cc508fc6915ed5c499efd93baa4",1,5.00,155.64,12.2,13,1,"RJ","Critical Risk","Survived"
"6f892e20a171e98efe17fdb971ff319b",37,3.84,130.09,4.7,44,0,"SP","Critical Risk","Churned"
"6fc26fe110feebd80a433e1f012a84f9",5,4.50,68.89,18.8,35,1,"SP","At Risk","Survived"
"6fd52c528dcb38be2eea044946b811f8",16,4.29,102.69,11.9,67,1,"SP","High Potential","Survived"
"7008613ea464bad5cb9b83456e1e6a8f",1,5.00,55.60,22.7,127,1,"SC","Critical Risk","Survived"
"700f03c207639c22d933381ff60b35c2",1,5.00,415.68,13.9,4,0,"SP","Critical Risk","Churned"
"701938c450705b8ae65fc923b70f35c7",24,4.00,135.01,14.3,75,1,"SP","High Potential","Survived"
"702835e4b785b67a084280efca355756",1,5.00,18.56,0.0,1,0,"MG","Critical Risk","Churned"
"7040e82f899a04d1b434b795a43b4617",79,3.57,62.95,11.6,212,1,"SP","Critical Risk","Survived"
"709e16e2b25c7474d980076c6bfc4806",17,4.50,69.59,10.5,60,1,"SP","High Potential","Survived"
"70a12e78e608ac31179aea7f8422044b",25,3.52,66.69,19.3,315,1,"SP","Critical Risk","Survived"
"70b52a4cfc823994561b00bad161b4ed",1,3.00,69.52,17.1,8,0,"SP","Critical Risk","Churned"
"70c4eedec9cb4a85cda2f3f9673557b4",2,5.00,256.28,2.6,2,0,"SP","At Risk","Churned"
"70ee69419916dc13e3aed619061f996c",1,3.00,53.72,0.0,1,0,"SP","Critical Risk","Churned"
"70eea00b476a314817cefde4aad4f89a",6,4.67,832.89,18.6,108,1,"SP","Growing","Survived"
"70f84699be677ec988d1fa824aef7d90",1,5.00,270.71,15.4,5,1,"MG","Critical Risk","Survived"
"71039d19d4303bf9054d69e9a9236699",19,4.35,129.02,10.0,35,0,"SP","High Potential","Churned"
"710e3548e02bc1d2831dfc4f1b5b14d4",2,4.00,197.25,22.6,136,1,"PR","At Risk","Survived"
"712e6ed8aa4aa1fa65dab41fed5737e4",14,4.20,560.30,15.5,79,1,"SC","Growing","Survived"
"7142540dd4c91e2237acb7e911c4eba2",21,3.96,137.33,17.5,319,1,"SP","Critical Risk","Survived"
"715bbd5ba4e6b74cb0d2f29eb45058b0",13,4.64,67.75,11.5,62,1,"SP","Growing","Survived"
"7178e1eaa97257d8b6d4b80efd77a025",1,5.00,184.71,0.0,1,0,"SP","Critical Risk","Churned"
"7178f9f4dd81dcef02f62acdf8151e01",9,4.22,78.51,17.1,203,1,"SC","Growing","Survived"
"718539d38d07dd351c76db862760e2e2",18,4.86,44.65,10.1,37,0,"SP","High Potential","Churned"
"71dc18fd8cbf5fd77f45dd8b427abb34",2,5.00,139.95,10.1,4,0,"PR","At Risk","Churned"
"7202e2ba20579a9bd1acb29e61fe71f6",15,4.07,321.96,13.2,53,1,"SP","Growing","Survived"
"720e6cf846ea7572cbb66b743fb91e6c",1,5.00,68.55,0.0,1,0,"SP","Critical Risk","Churned"
"725c32fa80c2faacc4fc88450d27314e",12,4.77,88.91,19.1,89,1,"SP","Growing","Survived"
"7299e27ed73d2ad986de7f7c77d919fa",73,4.26,45.21,17.7,338,1,"MG","High Potential","Survived"
"729f06993dac8e860d4f02d7088ca48a",18,4.45,173.01,17.4,96,1,"SP","High Potential","Survived"
"72bc2cce903c872fe376a8faaa81d237",11,4.25,163.25,11.2,17,1,"SP","Growing","Survived"
"72c73be2b085b9d57650dd53eb2004c9",1,5.00,47.32,0.0,1,0,"SP","Critical Risk","Churned"
"7315baebc0572ff220d226283dc66728",2,4.00,38.11,2.1,2,0,"SP","At Risk","Churned"
"73a63f72308aa20a46f4b1632018f196",7,4.33,207.50,16.7,29,1,"PR","Growing","Survived"
"73da1880b39c71de2b262bc7720c1494",1,5.00,218.28,5.6,2,0,"SP","Critical Risk","Churned"
"740205fedfe4e90ca6857bc77db0f2b4",1,5.00,251.83,0.0,1,0,"SP","Critical Risk","Churned"
"7402d13c03a7e91366337cd1de471144",1,1.00,74.78,11.1,4,1,"PR","Critical Risk","Survived"
"744dac408745240a2c2528fb1b6028f3",22,4.68,257.42,16.0,79,1,"PR","High Potential","Survived"
"747c1cdcd1737dcfbd1547f6eb6f2cf3",1,4.00,121.60,4.4,2,0,"SP","Critical Risk","Churned"
"749e7cdabbaf72f16677859e27874ba5",1,1.00,61.74,0.0,1,0,"SP","Critical Risk","Churned"
"74bafed391319577bce6f4d2acc0589a",2,1.50,548.13,7.1,3,0,"SP","At Risk","Churned"
"74c7dec0a384d8a05950e629bd23bde9",5,3.60,49.78,2.9,5,0,"SP","At Risk","Churned"
"750303a20e9c56b2a6bc45cdce0b897d",6,4.63,288.63,11.7,54,1,"GO","Growing","Survived"
"751bdc4d83a466c7206cd42e8f426b03",8,2.55,67.39,14.5,54,1,"SP","Critical Risk","Survived"
"75745ef7bc7d4f3ea3380f6f5303f514",3,5.00,92.44,1.2,3,0,"DF","At Risk","Churned"
"7586919161935337bf6b6d7ff5779648",6,4.88,123.38,8.8,11,0,"RJ","Growing","Churned"
"75d34ebb1bd0bd7dde40dd507b8169c3",30,3.84,209.87,13.0,62,1,"BA","Critical Risk","Survived"
"75fbb52eda0cbc24f479d3b2fbfa8d3e",5,4.71,30.33,16.7,40,1,"GO","At Risk","Survived"
"75fdd0a732287f9497b179f6bd445d32",1,5.00,76.08,0.0,1,0,"SP","Critical Risk","Churned"
"76623fde66e6b63b59440fd34160512d",1,3.00,37.68,4.3,3,0,"SP","Critical Risk","Churned"
"76833248bbc0e65a0293ec62023e4396",2,5.00,1315.34,1.4,2,0,"SP","At Risk","Churned"
"768de2a4fc06aacecb9a586ccc30746a",3,5.00,49.17,9.4,14,0,"DF","At Risk","Churned"
"76c47a299e4a8fe992316a85865acbe9",2,4.00,58.59,12.0,6,1,"SP","At Risk","Survived"
"76d336555bb25f3165d2f0d6da719c40",2,2.00,176.82,0.4,2,0,"SP","At Risk","Churned"
"76d5af76d0271110f9af36c92573f765",3,4.67,573.54,22.2,131,1,"SP","At Risk","Survived"
"76d64c4aca3a7baf218bf93ef7fa768d",2,5.00,406.79,15.3,64,1,"PR","At Risk","Survived"
"76de363de16dacc923eec8daf91df504",1,1.00,128.02,6.0,2,0,"SC","Critical Risk","Churned"
"77128dec4bec4878c37ab7d6169d6f26",1,5.00,15.22,0.0,1,0,"SP","Critical Risk","Churned"
"7722b1df1b0e383e000397b2c11e3e19",17,4.00,70.30,19.5,134,1,"SP","High Potential","Survived"
"77530e9772f57a62c906e1c21538ab82",1,5.00,178.11,23.0,320,1,"PR","Critical Risk","Survived"
"77dcbb67ccb3659bd58eaf5661560a30",2,1.00,541.28,0.4,2,0,"RS","At Risk","Churned"
"7813ea3ebd9411dc600b4dd01f7a97b9",2,5.00,175.03,10.3,9,1,"SP","At Risk","Survived"
"782f78b632a43875dd5b53e3e49c9564",2,3.67,62.52,1.6,2,0,"SP","At Risk","Churned"
"784ba75dd9d20200c4caed3d7a77141a",7,4.29,601.93,10.0,21,0,"SP","Growing","Churned"
"78744a20ee2f80ba64f6804c25def2b8",3,3.33,591.14,11.4,6,1,"PE","At Risk","Survived"
"78ba5933c21686d1c2f64669c8c459e7",2,4.33,109.34,1.9,2,0,"SP","At Risk","Churned"
"78c99c6dff4eeae5be99bf635ed21e3f",11,4.06,60.28,6.4,31,0,"SP","Growing","Churned"
"78ef7e885d17f35e2382a47aae8b8cce",2,4.50,115.09,5.4,3,0,"RS","At Risk","Churned"
"7901646fdd36a55f564ffaf2dbccaaf7",5,4.80,782.84,17.9,22,1,"RJ","At Risk","Survived"
"791cfcfe22fe4a771ece27f90017da92",1,1.00,315.98,3.5,2,0,"SP","Critical Risk","Churned"
"79565f7d5603b24ddf07ade262547f2f",6,3.83,57.85,3.6,8,0,"SP","Growing","Churned"
"7957cac1a02f45d0a4a7e45626382ec2",1,4.00,364.64,0.0,1,0,"PR","Critical Risk","Churned"
"7994081388d55b9cf976c050653dd359",1,5.00,134.60,9.1,2,0,"SP","Critical Risk","Churned"
"79b93a308a97792cf53ac75f46da00b5",1,5.00,116.04,0.0,1,0,"RJ","Critical Risk","Churned"
"79ebd9a61bac3eaf882805ed4ecfa12a",33,3.95,72.46,10.4,136,1,"PR","Critical Risk","Survived"
"79ed755314cfe6df0daef2c6cd3022cd",3,4.67,172.96,17.7,23,0,"SP","At Risk","Churned"
"79ee721b6f766066a80264402548d359",2,1.00,284.18,0.4,2,0,"SP","At Risk","Churned"
"7a073a40a9d3f1fee8bc45670ea1e909",1,1.00,112.78,0.0,1,0,"PR","Critical Risk","Churned"
"7a241947449cc45dbfda4f9d0798d9d0",11,3.92,136.90,17.2,62,1,"MG","Growing","Survived"
"7a2d2949aea47fab95fd98d6c9f618b1",4,4.50,161.41,16.9,11,1,"PR","At Risk","Survived"
"7a67c85e85bb2ce8582c35f2203ad736",127,4.13,132.69,19.0,1160,1,"SP","High Potential","Survived"
"7a91bf945c6fae0779f1c61ce97fe45c",4,4.50,174.94,4.2,5,0,"RJ","At Risk","Churned"
"7a9c12e235c36247c3c81f50d6ea9cea",5,4.60,219.92,1.1,5,0,"SP","At Risk","Churned"
"7aa4334be125fcdd2ba64b3180029f14",11,4.69,73.50,9.6,217,0,"SP","Growing","Churned"
"7ab0dd5487bab2dc835337b244f689fb",1,5.00,23.46,0.0,1,0,"SP","Critical Risk","Churned"
"7b07b3c7487f0ea825fc6df75abd658b",15,4.60,132.69,19.2,93,1,"SP","Growing","Survived"
"7b0df942f46435babab05d49b744b2c4",9,3.89,423.68,16.9,32,1,"SP","Growing","Survived"
"7b1222c3624aa89b9558b50a2594188c",3,5.00,547.24,16.4,22,1,"SP","At Risk","Survived"
"7bcd7c5f8631701474db233ccf1c094b",10,3.50,80.68,4.5,11,0,"SP","Growing","Churned"
"7c1fea10b5b006671d608b1d7c446ec4",6,3.83,37.74,8.4,14,0,"SP","Growing","Churned"
"7c4402417d51474d4d0cda9557340e40",1,5.00,147.59,0.0,1,0,"SP","Critical Risk","Churned"
"7c67e1448b00f6e969d365cea6b010ab",100,3.47,162.46,18.6,982,1,"SP","Critical Risk","Survived"
"7d456afc660226829370f3173d14520c",1,5.00,125.35,22.8,56,1,"SP","Critical Risk","Survived"
"7d76b645482be4a332374e8223836592",51,4.07,36.44,12.8,176,1,"SP","High Potential","Survived"
"7d948535954aaf8c5d39db007f74372e",3,4.00,59.99,9.3,4,0,"SP","At Risk","Churned"
"7dc8c42cc750eeafea6c85712ffee9bf",1,4.00,265.95,23.0,41,1,"SP","Critical Risk","Survived"
"7ddcbb64b5bc1ef36ca8c151f6ec77df",91,3.98,148.73,11.1,334,1,"SP","Critical Risk","Survived"
"7e1fb0a3ebfb01ffb3a7dae98bf3238d",17,4.04,142.97,18.8,159,1,"SP","High Potential","Survived"
"7e26c750b4cb9f6766f58265ff9ebe95",15,4.22,63.85,8.4,23,0,"MG","Growing","Churned"
"7e3dde9ffba72d5340f9aaf09b4424be",1,1.00,242.03,0.0,1,0,"PR","Critical Risk","Churned"
"7e3f87d16fb353f408d467e74fbd8014",13,4.62,49.44,14.1,92,1,"SP","Growing","Survived"
"7e79d65b5c6f1f544b7daea036acf720",2,4.50,176.53,4.4,4,0,"SP","At Risk","Churned"
"7e93a43ef30c4f03f38b393420bc753a",1,5.00,1423.55,21.5,336,1,"SP","Critical Risk","Survived"
"7e959205cebc10adefcb331f934238a4",2,1.00,273.28,0.5,2,0,"SP","At Risk","Churned"
"7ecef8194babfec876ca720714327841",2,4.50,166.74,9.3,7,0,"SP","At Risk","Churned"
"7f02656561b680def9986c0795a8a080",2,3.00,55.92,1.2,2,0,"SP","At Risk","Churned"
"7f152321c60a266edc53af1925ef96c1",1,5.00,305.41,11.3,20,1,"SC","Critical Risk","Survived"
"7f2617c58d5d06806987308b45654351",3,4.67,213.85,14.5,22,1,"SP","At Risk","Survived"
"7fe21dd00d2f4943ae09525efa2fd674",2,5.00,94.51,3.6,4,0,"RJ","At Risk","Churned"
"800214c63934acd05d47e84214db8ba8",4,5.00,80.34,1.5,4,0,"SC","At Risk","Churned"
"80146bc52c4f6af5239b23de2a20262b",1,3.00,38.39,0.0,1,0,"SP","Critical Risk","Churned"
"804287717b9156fb7a787acd9af4fac1",1,5.00,33.90,0.0,1,0,"PR","Critical Risk","Churned"
"8090490573c6c0aa343a7231ebcb8c86",4,3.50,144.96,11.6,26,1,"SP","At Risk","Survived"
"80cfd480be3eb6d6267139f5cb793555",1,4.00,126.34,0.0,1,0,"SP","Critical Risk","Churned"
"80e6699fe29150b372a0c8a1ebf7dcc8",1,5.00,64.83,19.3,98,1,"PR","Critical Risk","Survived"
"8132b9bd16876e1b0f8808d43825dd48",2,2.33,256.31,2.7,2,0,"SC","At Risk","Churned"
"813348c996469b40f2e028d5429d3495",80,3.92,77.24,11.9,179,1,"SP","Critical Risk","Survived"
"81336a0f57a33776419727a300249e90",4,3.60,102.22,9.2,16,0,"SP","At Risk","Churned"
"8160255418d5aaa7dbdc9f4c64ebda44",123,3.52,130.18,10.5,385,1,"SP","Critical Risk","Survived"
"817f85dbb65aa3e70831d90fe75cdf89",6,4.33,148.57,5.4,11,0,"SP","Growing","Churned"
"818d28f936e791926d33bcb6ee94ef79",4,4.00,41.91,3.5,5,0,"SP","At Risk","Churned"
"81a1104df0f08b59c68aa5b03cfe398e",2,5.00,161.26,11.0,73,1,"PR","At Risk","Survived"
"820c7c9eaf76d2b226b6c242bcf3f34d",1,4.00,577.00,0.0,1,0,"SP","Critical Risk","Churned"
"820cc752a266cdc6c1a1e61dd4583330",5,4.20,125.38,15.0,15,1,"PR","At Risk","Survived"
"822166ed1e47908f7cfb49946d03c726",13,4.45,61.94,14.1,69,1,"RJ","Growing","Survived"
"822b63912576852aea9a8436d72317b7",3,4.67,978.09,3.7,8,0,"SP","At Risk","Churned"
"822bad9bc42b51213ba522fe87b7ab5d",2,5.00,273.40,10.1,18,0,"SC","At Risk","Churned"
"827f8f69dfa529c561901c4f2e0f332f",1,5.00,42.42,17.6,91,1,"PR","Critical Risk","Survived"
"82bd0703a4aefd6b599e5bfdaed378fb",4,2.83,64.25,10.6,21,1,"SP","At Risk","Survived"
"82e0a475a88cc9595229d8029273f045",9,2.27,152.27,11.0,42,1,"SP","Critical Risk","Survived"
"83353a83fd769dfafa4f21a72b15e3e5",1,3.00,98.21,8.7,5,0,"SP","Critical Risk","Churned"
"834f3294fba9f932f56edc879193f925",17,4.47,646.75,15.4,66,1,"SP","High Potential","Survived"
"834f8533b2ecb6598dd004ff3de7203a",4,4.67,111.28,19.3,43,1,"SP","At Risk","Survived"
"835f0f7810c76831d6c7d24c7a646d4d",6,4.29,124.26,12.2,44,1,"SP","Growing","Survived"
"83645b1645cdee8953ee54c29ceed564",2,5.00,129.01,17.0,14,1,"PR","At Risk","Survived"
"83b08de96980757220871b31bf6cffca",3,5.00,324.70,6.9,5,0,"RJ","At Risk","Churned"
"83d458c0d6d4f94295d63f091460bd60",1,5.00,105.74,0.0,1,0,"SP","Critical Risk","Churned"
"83deb69e889cf80f82be1dc6d5f2d486",8,4.50,104.81,13.0,40,1,"SC","Growing","Survived"
"83e197e95a1bbabc8c75e883ed016c47",1,5.00,144.54,16.9,47,1,"RJ","Critical Risk","Survived"
"8444e55c1f13cd5c179851e5ca5ebd00",19,3.79,276.17,16.0,99,1,"MG","Critical Risk","Survived"
"84c945f15571830c1a91a33978e94009",2,4.50,39.02,1.8,2,0,"SP","At Risk","Churned"
"84deb808079d1be601c209c1e771b1cc",2,5.00,29.07,2.8,2,0,"PR","At Risk","Churned"
"8501d82f68d23148b6d78bb7c4a42037",1,1.00,30.66,0.0,1,0,"SC","Critical Risk","Churned"
"850f4f8af5ea87287ac68de36e29107f",21,4.68,302.72,14.7,187,1,"SP","High Potential","Survived"
"855668e0971d4dfd7bef1b6a4133b41b",34,3.85,121.87,16.0,312,1,"SP","Critical Risk","Survived"
"8581055ce74af1daba164fdbd55a40de",66,4.51,174.71,15.2,387,1,"SP","High Potential","Survived"
"85d9eb9ddc5d00ca9336a2219c97bb13",1,4.00,35.42,22.8,509,1,"MG","Critical Risk","Survived"
"8602a61d680a10a82cceeeda0d99ea3d",5,4.83,49.02,12.1,17,1,"SP","At Risk","Survived"
"8603f0038fe0e52fedd3382d266723de",2,4.50,288.02,9.2,10,0,"SC","At Risk","Churned"
"863d2ebcd347ce4922de7a0f9a5581d6",2,4.50,93.74,13.5,18,1,"RJ","At Risk","Survived"
"8648b1e89e9b349e32d3741b30ec737e",15,3.86,58.68,11.1,95,1,"SP","Growing","Survived"
"86649b1632b1c0e6c0bcb2c90a8b75d8",1,1.00,77.66,0.0,1,0,"PR","Critical Risk","Churned"
"86bb7c4b535e49a541baf3266b1c95b1",3,4.33,453.32,16.3,16,1,"SP","At Risk","Survived"
"86ccac0b835037332a596a33b6949ee1",50,4.02,77.58,16.5,180,1,"SC","High Potential","Survived"
"870d0118f7a9d85960f29ad89d5d989a",5,4.67,62.98,16.9,45,1,"MG","At Risk","Survived"
"87142160b41353c4e5fca2360caf6f92",50,4.17,107.81,18.8,305,1,"RS","High Potential","Survived"
"876182d1918783bbe15233febfbd4926",2,4.50,55.65,9.6,3,0,"SP","At Risk","Churned"
"87b740daf17b5d1be335a64164ec6842",1,1.00,1400.74,17.5,13,0,"SP","Critical Risk","Churned"
"87f3e35268860433e13d577825aada95",1,NULL,34.42,8.4,3,0,"SP","Critical Risk","Churned"
"888faa8bfb0b159c37de6d898b961c31",8,3.18,70.18,12.7,19,1,"SC","Critical Risk","Survived"
"889009a0ed0bb52c87819941192931b8",1,4.00,122.98,0.0,1,0,"SP","Critical Risk","Churned"
"88af55b4a7ca402b27df16f7c7c9b5d2",1,1.00,141.52,0.0,1,0,"SP","Critical Risk","Churned"
"891071be6ba827b591264c90c2ae8a63",17,4.06,49.09,19.2,92,1,"SP","High Potential","Survived"
"8931a84a914b3fe9b1ddaa4d704947ca",11,3.25,82.20,15.9,29,1,"SP","Critical Risk","Survived"
"8936ba0de1073ee888cb3185ae5dc661",1,5.00,412.21,0.0,1,0,"SP","Critical Risk","Churned"
"897060da8b9a21f655304d50fd935913",7,1.50,96.09,20.6,317,1,"SP","Critical Risk","Survived"
"89bc797e2e29667aa035d4368f9b7f92",4,3.40,42.80,6.2,17,0,"SP","At Risk","Churned"
"89c127985a8b130cfa45c1d36764017a",2,3.00,381.06,7.5,7,0,"SP","At Risk","Churned"
"8a207b6080964f3c1fc9d35bd6096ba4",2,5.00,243.35,1.5,2,0,"SP","At Risk","Churned"
"8a32e327fe2c1b3511609d81aaf9f042",1,2.00,40.95,16.8,132,1,"SP","Critical Risk","Survived"
"8a40ae794fa3f9892cee24bd5af0488b",3,2.67,99.08,12.4,6,1,"PR","At Risk","Survived"
"8a87611c08849ffeeccab52aa798b6c7",13,2.64,203.94,1.2,13,0,"PR","Critical Risk","Churned"
"8ab42aa58097fd4668d60cc648225d5f",7,3.50,113.09,9.9,20,0,"GO","Growing","Churned"
"8b11118053756a9a2932f447e11fc1b5",1,3.00,91.16,0.0,1,0,"SP","Critical Risk","Churned"
"8b2492b7ff4468839593fafeed55bad9",6,3.20,95.21,11.2,29,1,"RJ","Critical Risk","Survived"
"8b28d096634035667e8263d57ba3368c",13,4.23,92.42,16.9,143,1,"SP","Growing","Survived"
"8b87cd0d43d49b9bdf40f56229364d59",5,2.60,370.78,1.9,5,0,"SP","At Risk","Churned"
"8b8cfc8305aa441e4239358c9f6f2485",7,4.57,895.18,14.6,15,1,"PR","Growing","Survived"
"8bd0e3abda539b9479c4b44a691be1ec",3,3.75,91.00,7.4,7,0,"RS","At Risk","Churned"
"8bd0f31cf0a614c658f6763bd02dea69",5,4.40,57.00,19.2,33,1,"SP","At Risk","Survived"
"8c16d1f32a54d92897cc437244442e1b",3,5.00,53.20,22.9,108,1,"SC","At Risk","Survived"
"8c3b533c63cca56240f94f1e3a6b18ef",2,3.00,404.15,6.1,5,0,"MG","At Risk","Churned"
"8c91bfea4263b8fba54081460693e2a1",2,5.00,392.88,0.5,2,0,"RS","At Risk","Churned"
"8cbac7e12637ed9cffa18c7875207478",7,4.33,70.30,19.3,67,1,"SC","Growing","Survived"
"8cc6a0e5738e61a87b03c78b2ba9db4b",24,4.15,532.24,2.8,24,0,"MG","High Potential","Churned"
"8ccf3cf69651cc1d8a02c8bfaf3b8568",2,3.50,144.32,0.6,2,0,"SP","At Risk","Churned"
"8d46553a36e68f95350a200c12f8f2e2",12,3.00,28.22,6.9,13,0,"SP","Critical Risk","Churned"
"8d79c8a04e42d722a75097ce5cbcf2ef",18,4.42,121.73,13.7,27,0,"CE","High Potential","Churned"
"8d92f3ea807b89465643c219455e7369",3,1.00,31.60,1.1,3,0,"SP","At Risk","Churned"
"8d956fec2e4337affcb520f56fd8cbfd",9,4.36,72.61,10.6,211,1,"SP","Growing","Survived"
"8e670472e453ba34a379331513d6aab1",1,1.00,1083.96,0.0,1,0,"MG","Critical Risk","Churned"
"8e6cc767478edae941d9bd9eb778d77a",20,3.90,100.77,16.9,106,1,"MG","Critical Risk","Survived"
"8eb88b0acb3f90a717ad659221471fa7",1,4.00,85.60,4.6,2,0,"SC","Critical Risk","Churned"
"8f0fbe2cd4d472157dc1cdef6edecaa9",2,3.00,47.38,2.0,2,0,"SP","At Risk","Churned"
"8f119a0aee85c0c8fc534629734e94fd",13,4.31,61.42,19.4,77,1,"SP","Growing","Survived"
"8f2b51a30523cdecddc2f179f351c7d6",7,3.88,147.03,2.6,7,0,"SP","Growing","Churned"
"8f2ce03f928b567e3d56181ae20ae952",5,4.40,123.68,16.0,153,1,"SP","At Risk","Survived"
"8f78f0903005064036736c7173a5c2ed",4,4.75,299.83,15.8,13,1,"MG","At Risk","Survived"
"8fdca8e349553f99bc738833a62c8802",1,5.00,119.79,10.2,22,1,"SP","Critical Risk","Survived"
"8ff38bc3969e67c36c48343a07090f66",2,2.50,482.45,2.0,2,0,"SP","At Risk","Churned"
"8fff28c4263ddec387f28d237fb42773",2,1.00,154.53,18.1,4,0,"SP","At Risk","Churned"
"900ba814c251a692506d7834c1218441",10,4.11,339.44,13.9,88,1,"SP","Growing","Survived"
"903037660cf848a717166eb7a06d616e",8,4.18,92.54,18.9,45,1,"SP","Growing","Survived"
"91543f9849d68d023e17194926598543",2,4.25,216.79,6.7,4,0,"SC","At Risk","Churned"
"916748bc99315c2d202898ae58b1617e",8,4.18,26.21,9.5,25,0,"SP","Growing","Churned"
"916c9de0b5ad957346eeeb12f332687e",4,4.50,223.52,13.2,23,1,"PR","At Risk","Survived"
"918f6fbcf3ab724d805867303e593a1b",2,4.33,37.53,0.3,2,0,"SP","At Risk","Churned"
"9198786624eaeb375793215cad26cfa6",4,3.80,90.67,14.8,9,0,"SC","At Risk","Churned"
"91f0eec23d4a61d7d7caeefa3f0ad1ca",2,4.50,220.15,17.8,11,1,"SC","At Risk","Survived"
"91f848e9f4be368f4318775aac733370",35,4.29,95.12,5.4,63,0,"SP","High Potential","Churned"
"9200e6ce317b67196b6b0bad4d4bd567",1,3.00,51.42,0.0,1,0,"RJ","Critical Risk","Churned"
"92c8bc6e8f925792247656fed09aad65",3,2.33,99.86,1.7,3,0,"SP","At Risk","Churned"
"92d14edfb62ee5ae7fdff70b0f4e7233",4,2.11,29.80,6.8,8,0,"SP","At Risk","Churned"
"92eb0f42c21942b6552362b9b114707d",77,4.05,39.06,18.8,341,1,"SP","High Potential","Survived"
"933446e9a59dece7ae9175103820ca8f",2,2.33,146.28,1.0,2,0,"PR","At Risk","Churned"
"934ed5cd1b9c1c7382d0a94a94b9e639",1,5.00,152.47,0.0,1,0,"PR","Critical Risk","Churned"
"939f6e231201f26803cb5c3a3d2940b3",3,4.75,56.41,0.1,3,0,"SP","At Risk","Churned"
"93b9a99027bd8bd6af682aff18dd19bf",5,4.50,62.72,18.5,20,1,"SP","At Risk","Survived"
"93bef6edaa84956e8e575016449b6351",1,5.00,129.56,0.0,1,0,"SP","Critical Risk","Churned"
"94144541854e298c2d976cb893b81343",28,4.44,81.67,11.6,68,1,"RS","High Potential","Survived"
"941554c5757b73ba0e50aa7732310afc",3,4.50,41.59,2.9,3,0,"SP","At Risk","Churned"
"9449f25aeaf531019b76999ea49a6949",8,3.75,225.23,10.4,10,1,"RJ","Growing","Survived"
"9485a23c0430ba1d58d359391606fce6",3,4.00,242.07,9.4,5,0,"SP","At Risk","Churned"
"94b9108d4b637ba65bb4f1e53cfcf8d8",2,5.00,11.63,11.2,7,1,"SP","At Risk","Survived"
"94c49f20a123aeb9360dbf80ff912bf6",3,3.67,113.10,0.5,3,0,"SP","At Risk","Churned"
"94e93ce877be27a515118dbfd2c2be41",25,3.79,181.46,5.0,30,0,"SP","Critical Risk","Churned"
"9535a841eecebed61a9fb1ac1cbb5597",2,3.00,409.17,0.5,2,0,"SP","At Risk","Churned"
"954e95f20808d7e5d11f0de292d078e0",3,4.75,69.49,2.6,3,0,"MG","At Risk","Churned"
"9558aa23f77a9e0a0eca83540999f43b",2,3.00,77.79,0.7,2,0,"PR","At Risk","Churned"
"955fee9216a65b617aa5c0531780ce60",65,4.49,93.23,13.3,1287,1,"SP","High Potential","Survived"
"9591fc341b1bfb7ef561e2968ec6e011",1,1.00,94.21,0.0,1,0,"SP","Critical Risk","Churned"
"9596c870880d900012f2e8e6e30d06d7",1,5.00,525.61,15.8,22,1,"MG","Critical Risk","Survived"
"95e03ca3d4146e4011985981aeb959b9",32,4.08,86.70,15.3,175,1,"RJ","High Potential","Survived"
"9616352088dcf83a7c06637f4ebf1c80",3,2.67,85.22,18.0,92,1,"PR","At Risk","Survived"
"961dff0a659b4561334372337dd897d9",3,4.67,2463.25,4.6,4,0,"RJ","At Risk","Churned"
"9646c3513289980f17226a2fc4720dbd",30,4.03,59.83,18.5,71,1,"SP","High Potential","Survived"
"96493fab2fbb13a14d0c0e8772eef5c3",9,4.44,299.82,16.1,63,1,"SP","Growing","Survived"
"9674754b5a0cb32b638cec001178f799",19,4.00,46.66,14.7,86,1,"SP","High Potential","Survived"
"96804ea39d96eb908e7c3afdb671bb9e",8,4.50,109.86,14.8,38,1,"MG","Growing","Survived"
"968ee78631915a63fef426d6733d7422",1,2.00,271.20,5.8,2,0,"RS","Critical Risk","Churned"
"973f21788dfab357250f69a8dcb7ddee",2,3.50,40.59,17.2,10,1,"MG","At Risk","Survived"
"974cf2cb8f4b7add98709c30df02fe10",5,3.80,99.97,10.3,33,1,"SP","At Risk","Survived"
"977f9f63dd360c2a32ece2f93ad6d306",4,2.25,141.09,11.0,24,1,"SP","At Risk","Survived"
"9853a239ab7b7ebbdc3a21248d5b8e1f",4,4.50,97.70,7.2,5,0,"PR","At Risk","Churned"
"989becdce12ebc39863c2bceab6f3ca1",1,3.00,160.44,21.9,18,0,"PR","Critical Risk","Churned"
"98dac6635aee4995d501a3972e047414",14,4.96,40.69,16.3,91,1,"SP","Growing","Survived"
"98e164d549402270247f3c96a1a158ef",2,2.50,93.71,2.4,2,0,"SP","At Risk","Churned"
"98f52e1020fe788c10c0418de4393fec",1,4.00,36.70,0.0,1,0,"RJ","Critical Risk","Churned"
"999f6d9a1c7c81f43be44c6b7d076210",2,4.50,25.42,1.3,2,0,"SP","At Risk","Churned"
"99eaacc9e6046db1c82b163c5f84869f",1,5.00,214.98,16.7,66,1,"SP","Critical Risk","Survived"
"9a208dee8f95cfdf00760c4d627828ec",1,1.00,295.99,0.0,1,0,"RJ","Critical Risk","Churned"
"9a84ba99f5367fdbd4598363496f1ea2",9,3.56,80.88,15.8,16,1,"GO","Growing","Survived"
"9add47bf45ce8e8c7db6b9cf670b1e09",8,4.00,104.04,18.6,43,0,"PR","Growing","Churned"
"9b00ed88b7fdb95d6ff76e27c1b52d16",13,4.80,36.79,11.4,47,1,"SP","Growing","Survived"
"9b1050e85becf3ae99c1cf4934c9bc5d",2,2.50,57.67,1.5,2,0,"MG","At Risk","Churned"
"9b1ab052f5fca308ba743ac789ebb2e1",2,4.00,163.04,1.1,2,0,"PR","At Risk","Churned"
"9b522ba7eae9e1d04082f267144583cc",2,4.33,53.15,10.9,4,1,"SP","At Risk","Survived"
"9baf5cb77970f539089d09a38bcec5c3",4,4.80,93.98,18.7,32,1,"SP","At Risk","Survived"
"9bcdfa7b615b3abb9461d9e3ad9886ae",6,4.71,112.13,14.7,14,0,"SC","Growing","Churned"
"9c068d10aca38e85c50202e17b4a7e88",10,4.50,194.06,9.7,17,0,"MS","Growing","Churned"
"9c0e69c7bf2619675bbadf47b43f655a",82,4.35,198.51,13.6,157,1,"SP","High Potential","Survived"
"9c351405b754cc5ce3e2ecf277bb034a",1,1.00,59.11,0.0,1,0,"SP","Critical Risk","Churned"
"9c3c24eca51c52b91c1de727d2a2ae06",1,4.00,61.64,19.6,6,0,"RS","Critical Risk","Churned"
"9c57bc60cfad5ee62d35d3f1ce4593a1",1,1.00,195.43,0.0,1,0,"PR","Critical Risk","Churned"
"9c690ceacd5c66731bf443ea810195cb",1,3.00,117.04,11.6,10,1,"MG","Critical Risk","Survived"
"9cea4682e16655f7da87f406902e989e",2,5.00,29.03,10.6,4,1,"PR","At Risk","Survived"
"9d489893ff6af05029671b785f54b998",1,5.00,51.75,14.2,5,0,"SP","Critical Risk","Churned"
"9d5a9018aee56acb367ba9c3f05d1d6a",24,3.88,141.54,12.5,67,1,"GO","Critical Risk","Survived"
"9d7a1d34a5052409006425275ba1c2b4",2,1.80,149.02,13.3,13,1,"SP","At Risk","Survived"
"9da1ca0bef29ee170e541927a5aeabdc",5,2.60,285.85,3.3,6,0,"SP","At Risk","Churned"
"9dd59e43f0c9f0553244e8f9c2fb247e",9,4.78,49.81,3.3,10,0,"PR","Growing","Churned"
"9dda5bbacd45e18d6485fee649205d09",3,4.75,112.32,16.6,19,1,"MG","At Risk","Survived"
"9de4643a8dbde634fe55621059d92273",8,5.00,235.39,13.5,72,1,"SC","Growing","Survived"
"9df5750209b83567ec144eb299d7d634",1,5.00,611.56,21.7,11,0,"RS","Critical Risk","Churned"
"9e17b9d64683aebcbb9ee362d06463b4",2,1.00,45.56,0.1,2,0,"SP","At Risk","Churned"
"9e25199f6ef7e7c347120ff175652c3b",1,4.00,27.02,0.0,1,0,"SP","Critical Risk","Churned"
"9e6229250fedbe05838fef417b74e7fb",2,5.00,201.65,11.0,74,1,"SP","At Risk","Survived"
"9e94fa26a70ede4d26226e918e8706a2",1,5.00,72.74,0.0,1,0,"SP","Critical Risk","Churned"
"9f505651f4a6abe901a56cdc21508025",52,4.25,75.44,10.9,397,1,"SP","High Potential","Survived"
"9fbd5666d8618fa571c4230fafa09bd6",1,5.00,96.71,0.0,1,0,"SP","Critical Risk","Churned"
"9fe7c6641c79970ab48185498f547c09",1,5.00,164.71,0.0,1,0,"SP","Critical Risk","Churned"
"a00824eb9093d40e589b940ec45c4eb0",2,5.00,3126.50,6.2,3,0,"SP","At Risk","Churned"
"a0415d9b25ede3c4b1e477e9916ffc03",5,3.80,215.58,9.2,10,0,"RJ","At Risk","Churned"
"a08692680c77d30a0b4280da5df01c5a",2,5.00,167.77,9.8,6,0,"SP","At Risk","Churned"
"a0e19590a0923cdd0614ea9427713ced",2,1.00,56.77,1.5,2,0,"PR","At Risk","Churned"
"a1043bafd471dff536d0c462352beb48",39,4.26,152.87,18.6,718,1,"MG","High Potential","Survived"
"a13580f0e8f782b7a543885a0ef99f08",2,4.50,121.45,8.8,10,0,"RJ","At Risk","Churned"
"a1474fd46fd3430168f7ec202da39408",2,2.50,500.00,8.1,12,0,"SP","At Risk","Churned"
"a1544b9ea0b2390e020537d4daa89049",1,4.00,176.72,18.2,8,0,"SP","Critical Risk","Churned"
"a154d7316f158bb42e6fa18bbe3afd3a",2,3.00,95.07,0.1,2,0,"SP","At Risk","Churned"
"a17f621c590ea0fab3d5d883e1630ec6",21,4.38,43.83,12.6,65,1,"SP","High Potential","Survived"
"a1ed30492b3b798bc121845bc4aa7366",1,3.00,32.75,0.0,1,0,"SP","Critical Risk","Churned"
"a23266650e7c84bb93fbbba502137478",6,3.25,115.11,4.9,11,0,"RS","Critical Risk","Churned"
"a2b911e9ad40dc7d61c142a4683e2d85",1,5.00,120.30,0.0,1,0,"RJ","Critical Risk","Churned"
"a2e874074c877c5a05abae80ad6e488f",7,4.43,332.29,17.4,44,1,"SP","Growing","Survived"
"a2fa0bdc798ee84cdb08281337cf4fb6",6,4.00,41.87,12.4,10,1,"SC","Growing","Survived"
"a3082f442524a1be452e3189e003b361",1,4.00,73.34,13.2,3,0,"SP","Critical Risk","Churned"
"a35124e2d763d7ca3fbe3b97d143200f",4,4.43,70.06,1.8,4,0,"SP","At Risk","Churned"
"a35ef466c6fd6d052f5d241240d3c5e2",3,4.67,216.52,1.6,3,0,"RS","At Risk","Churned"
"a36ac007a4d18f865c8d32c3b2402c2d",7,2.00,147.35,7.6,9,0,"SP","Critical Risk","Churned"
"a36b125ac6d5fdbc7f50de85c9157bdc",1,4.00,61.02,22.1,24,1,"SP","Critical Risk","Survived"
"a37c340b91cb0169e8b029db6440fba2",5,4.80,87.99,2.7,5,0,"SP","At Risk","Churned"
"a3a38f4affed601eb87a97788c949667",2,3.50,165.17,22.9,254,1,"SC","At Risk","Survived"
"a3b0df0065e264a91b7bbf5f844af5cd",2,5.00,109.38,0.1,2,0,"SP","At Risk","Churned"
"a3dd39f583bc80bd8c5901c95878921e",16,4.74,176.48,7.7,34,0,"BA","High Potential","Churned"
"a3e9a2c700480d9bb01fba070ba80a0e",17,4.41,84.97,15.6,130,1,"SP","High Potential","Survived"
"a3f0b55de503387383c7b1de3ad7f678",2,4.50,230.71,7.9,24,0,"PR","At Risk","Churned"
"a416b6a846a11724393025641d4edd5e",25,4.13,121.71,19.1,162,1,"SP","High Potential","Survived"
"a420f60ff1aa9acc80d0e42959f2b313",8,4.50,145.07,12.1,67,1,"SP","Growing","Survived"
"a425f92c199eb576938df686728acd20",1,1.00,75.06,23.1,17,0,"PR","Critical Risk","Churned"
"a435b009cd956ea60748b5cfbddf2e24",3,4.33,135.46,2.6,3,0,"SP","At Risk","Churned"
"a45765f8afb1e594b22bf9e974b46765",1,4.00,88.92,0.0,1,0,"SP","Critical Risk","Churned"
"a478c7961d6a992065b24e63b366f90b",5,5.00,174.55,12.6,8,0,"SC","At Risk","Churned"
"a49928bcdf77c55c6d6e05e09a9b4ca5",22,3.63,99.20,11.8,98,1,"SP","Critical Risk","Survived"
"a4b6b9b992b46e9ef863637af96e04bc",5,2.33,592.14,4.4,7,0,"SC","At Risk","Churned"
"a4bd6e9adf39b63f43dc545d3ca1f53d",3,4.33,541.88,12.8,4,0,"RJ","At Risk","Churned"
"a5259c149128e82c9d6d46e0c1c812bb",1,2.00,251.59,7.4,8,0,"RO","Critical Risk","Churned"
"a5bff0f43eb51f0cad7c37fac7244c8a",3,5.00,108.85,7.3,4,0,"SP","At Risk","Churned"
"a5cba26a62b8b4d0145b68b841e62e7f",3,4.67,295.96,13.1,54,1,"PR","At Risk","Survived"
"a5dd1946fb63ada8bcaa0c9cd8f11e22",3,3.00,61.70,6.1,6,0,"PE","At Risk","Churned"
"a673821011d0cec28146ea42f5ab767f",17,3.56,124.78,18.0,129,1,"SP","Critical Risk","Survived"
"a6bd7d1ccdac48c6b33b28596b7eb122",4,3.75,993.64,13.0,16,1,"PB","At Risk","Survived"
"a6fe7de3d16f6149ffe280349a8535a0",13,4.29,71.81,13.0,51,1,"SP","Growing","Survived"
"a70e9066dbfd10b6b97a3f54a1356762",1,5.00,492.36,7.0,2,0,"PR","Critical Risk","Churned"
"a7b7354cc588f7566a848bcbb1ce3d96",2,4.00,52.44,0.3,2,0,"SP","At Risk","Churned"
"a7c53f6b3b61adbdaa99dda97e8cbd56",1,4.00,110.30,0.0,1,0,"SP","Critical Risk","Churned"
"a7c88262832dfc683781d6a421edefae",4,4.50,293.95,11.2,5,1,"SP","At Risk","Survived"
"a7f13822ceb966b076af67121f87b063",6,1.20,200.92,7.1,75,0,"SP","Critical Risk","Churned"
"a81466620e46a6970b22ef40379fdfc9",2,5.00,177.39,0.1,2,0,"SC","At Risk","Churned"
"a888faf2d1baececa6baf9c3d603ee1f",27,4.00,370.05,15.3,54,1,"PR","High Potential","Survived"
"a89e143d5211473ae18db9577ee34b64",1,5.00,79.94,4.2,2,0,"SP","Critical Risk","Churned"
"a90a5da8b09e44264a177c0374a5ac87",3,4.33,49.10,0.5,3,0,"PR","At Risk","Churned"
"a938325a4b357fd23a6a4d5bb126408e",8,4.11,157.36,11.1,24,1,"RJ","Growing","Survived"
"a99504ac23ed125aaf5302af6cc30af9",1,5.00,1025.24,0.0,1,0,"SP","Critical Risk","Churned"
"a9ae440659f48b7849df83e82734150b",1,5.00,312.02,0.0,1,0,"SP","Critical Risk","Churned"
"a9b533a26e898b12e8b8d4c07279bf4d",1,5.00,44.00,4.3,4,0,"RJ","Critical Risk","Churned"
"aa17b35ce4de7b565be3249ba838944f",2,4.50,57.00,0.3,2,0,"SP","At Risk","Churned"
"aac29b1b99776be73c3049939652091d",15,4.44,94.24,18.7,98,1,"MG","Growing","Survived"
"aadfe0417e61315688b6bd7043361e25",1,4.00,304.18,0.0,1,0,"GO","Critical Risk","Churned"
"aae3bfea055532c57fb453ed3ec80b30",13,3.93,84.44,16.1,48,1,"SP","Growing","Survived"
"aae5953b9edddf14749c0d65d60eb4b9",2,5.00,101.45,0.6,2,0,"MG","At Risk","Churned"
"aaed1309374718fdd995ee4c58c9dfcd",1,5.00,80.25,22.0,105,1,"SC","Critical Risk","Survived"
"aafe36600ce604f205b86b5084d3d767",14,4.43,109.95,18.1,129,1,"SC","Growing","Survived"
"ab3e0c171fe84a7ba7de130f19cfb485",3,3.00,114.76,11.8,7,1,"PR","At Risk","Survived"
"ab75b89cc49c9ab3160d0c91565a442a",2,1.50,26.92,2.2,2,0,"SP","At Risk","Churned"
"ab9db4cf53b08b828b64dccaafc2d9f0",3,3.67,72.81,14.2,5,0,"RS","At Risk","Churned"
"aba1721a889e04decc910aa13b768ef4",14,4.64,259.87,18.6,83,1,"SP","Growing","Survived"
"abc015ebac1d283a323ca9db35ede4b9",7,4.63,97.91,10.1,12,0,"SP","Growing","Churned"
"abcd2cb37d46c2c8fb1bf071c859fc5b",3,4.67,100.64,14.6,45,1,"MT","At Risk","Survived"
"abe021b01ba992245271b9aa422032df",1,5.00,4042.74,3.1,2,0,"PR","Critical Risk","Churned"
"abe42c5d03695b4257b5c6cbf4e6784e",11,4.18,418.19,11.3,50,1,"RJ","Growing","Survived"
"ac137bac82ffa8548e62bd9d01d2a14f",1,1.00,58.94,0.0,1,0,"SP","Critical Risk","Churned"
"ac1ed5fc15901fbc92920361eb4ab350",1,1.00,124.04,0.0,1,0,"SP","Critical Risk","Churned"
"ac3508719a1d8f5b7614b798f70af136",16,4.63,152.82,14.6,103,1,"RS","High Potential","Survived"
"ac6417315ae5da8f9a38ee11de6f7780",4,5.00,155.66,12.2,8,1,"SP","At Risk","Survived"
"acb6c2ca5c82411c1fdb88d5fd5eb95e",5,4.80,67.88,17.7,10,0,"SP","At Risk","Churned"
"ace601496e211a664100321f038f50af",1,2.00,179.92,0.0,1,0,"SP","Critical Risk","Churned"
"aced59e9b31ef866a94f9e7f29d8d418",9,4.38,37.95,18.6,61,1,"SP","Growing","Survived"
"acf974e4d5950ad143a247471b831eb9",2,5.00,70.66,7.9,5,0,"RS","At Risk","Churned"
"ad14615bdd492b01b0d97922e87cb87f",1,5.00,19.21,0.0,1,0,"SC","Critical Risk","Churned"
"ad273c9eb54ecb4532de4bf75bae9e4e",3,4.00,53.97,17.5,10,1,"PR","At Risk","Survived"
"ad420dd0c4f92f8af951ac24b86d0cf5",2,5.00,171.00,16.2,42,1,"MG","At Risk","Survived"
"ad738d3fcf42655ed15c4960b7b6c601",1,1.00,80.89,0.0,1,0,"RS","Critical Risk","Churned"
"ad781527c93d00d89a11eecd9dcad7c1",15,3.80,210.38,10.1,44,0,"SP","Growing","Churned"
"ad87df7699e83b8a91822a4a0b765c3a",5,4.00,68.61,3.2,6,0,"SP","At Risk","Churned"
"ad8b531ae67582f096925cff5630d0d1",1,1.00,24.42,7.2,3,0,"PR","Critical Risk","Churned"
"adbc26658d6c7b4b6219f9d934598091",13,3.71,151.55,11.9,88,1,"PR","Growing","Survived"
"adbe70ab2c97442046d393988c8d1d27",5,5.00,70.93,1.2,5,0,"SP","At Risk","Churned"
"adcf50477d6a1f5d91bb9d54c4903cb5",11,2.60,66.45,16.9,19,0,"MG","Critical Risk","Churned"
"ae8bfdbf1c2a2a2dee92d799db0a31c6",8,4.13,60.77,3.0,8,0,"PR","Growing","Churned"
"ae9690c6e8fee182c28c9ff8e11ca52c",1,5.00,59.81,0.0,1,0,"SP","Critical Risk","Churned"
"af4a0e4cfe1d9c26b6712b1be25a72e5",4,3.67,553.61,7.5,21,0,"MG","At Risk","Churned"
"afa6714acee029b2dfdf357e5579cc03",1,5.00,134.91,22.7,16,1,"SP","Critical Risk","Survived"
"afe0067131b73e40875c9b6c10bd2e21",10,3.40,149.10,15.8,46,1,"MG","Critical Risk","Survived"
"b026643914f651e8371425e5b8a1e780",1,5.00,43.00,0.0,1,0,"RJ","Critical Risk","Churned"
"b05b432bf68945d4d9783f9e3ca29ee8",2,4.50,125.45,0.0,2,0,"SP","At Risk","Churned"
"b080809eaacb49e5ca07290981472431",1,5.00,61.71,14.8,11,1,"MG","Critical Risk","Survived"
"b1204cfda1d4948679db3cfc0d3cb95c",4,3.13,343.42,18.5,7,0,"SP","At Risk","Churned"
"b127efdabeffb5d559349c7b172eb75d",6,4.67,43.77,3.7,10,0,"SP","Growing","Churned"
"b14db04aa7881970e83ffa9426897925",3,2.00,71.76,22.7,83,1,"SP","At Risk","Survived"
"b17b679f4f5ce2e03ce6968c62648246",7,4.29,82.60,19.5,55,1,"SP","Growing","Survived"
"b18dc380845b24038cfc48006478f099",2,3.00,120.74,10.0,44,0,"SP","At Risk","Churned"
"b19f3ca2ea475913750f25a5c37c8d8f",6,1.00,381.55,10.2,24,1,"MG","Critical Risk","Survived"
"b1aaae6b66ad3c40f54b389d7ea4bee0",11,4.42,75.22,4.1,15,0,"SP","Growing","Churned"
"b1ac6ea7895bc3dd6f0f6f4abbdd2821",11,4.36,87.59,10.3,40,1,"RS","Growing","Survived"
"b1b3948701c5c72445495bd161b83a4c",18,1.72,1399.19,2.2,18,0,"SP","Critical Risk","Churned"
"b1fc4f64df5a0e8b6913ab38803c57a9",2,3.00,89.27,15.3,107,1,"RJ","At Risk","Survived"
"b1fecf4da1fa2689bccffa0121953643",2,5.00,173.42,7.8,19,0,"MS","At Risk","Churned"
"b2a6d334e2833acea353624840e25a0e",11,4.67,78.52,10.1,25,0,"SP","Growing","Churned"
"b2ac621f0d0322434d04a12b078b9369",8,4.63,317.42,12.0,30,1,"PR","Growing","Survived"
"b2ba3715d723d245138f291a6fe42594",1,1.00,81.60,22.9,337,1,"SP","Critical Risk","Survived"
"b2eecf5ea250510da76590ca79d60e5d",3,5.00,48.22,8.4,9,0,"SP","At Risk","Churned"
"b2f4d63c7203f539a78252565ca32257",1,5.00,35.74,0.0,1,0,"RJ","Critical Risk","Churned"
"b335c59ab742f751a85db9c411a86739",2,5.00,87.98,14.5,33,1,"MG","At Risk","Survived"
"b33e7c55446eabf8fe1a42d037ac7d6d",85,4.16,282.06,10.3,152,1,"SP","High Potential","Survived"
"b372ee768ed69e46ca8cdbd267aa7a38",6,4.00,218.13,17.4,63,1,"SP","Growing","Survived"
"b37c4c02bda3161a7546a4e6d222d5b2",1,5.00,190.40,14.9,4,0,"SP","Critical Risk","Churned"
"b39d7fe263ef469605dbb32608aee0af",2,4.00,141.69,11.4,44,1,"SP","At Risk","Survived"
"b3e2faf2c1004d674f16a3aa3197f0e1",2,5.00,29.45,3.1,3,0,"SP","At Risk","Churned"
"b3f19518fcec265b2e97af287725f981",2,4.50,84.70,5.3,9,0,"SP","At Risk","Churned"
"b416191c9813d821a295cfabafff4161",2,2.50,75.07,0.6,2,0,"SP","At Risk","Churned"
"b45d7ebfb7378630f1bcd74b6ff86ff7",4,3.50,261.75,5.8,5,0,"MG","At Risk","Churned"
"b499c00f28f4b7069ff6550af8c1348a",1,5.00,40.95,23.0,152,1,"SP","Critical Risk","Survived"
"b4a476fbd28de64b1e347abf9089366a",18,3.48,141.61,15.1,33,1,"SP","Critical Risk","Survived"
"b4ffb71f0cb1b1c3d63fad021ecf93e1",2,5.00,38.04,18.8,144,1,"SP","At Risk","Survived"
"b56828a9f9027f3c918c04ca720d9e3c",1,3.00,184.26,7.0,3,0,"SP","Critical Risk","Churned"
"b56906f7fd1696e043f1bcce164c487b",2,2.33,84.74,22.4,40,1,"SP","At Risk","Survived"
"b57e8460909fa137df7951b4a3b5ea84",1,2.00,141.07,0.0,1,0,"RS","Critical Risk","Churned"
"b5abf4f36adc043117b4fca82c22984c",1,2.00,323.74,16.2,11,1,"DF","Critical Risk","Survived"
"b5e3e38609125694d2ea2417522a60b7",7,4.00,76.61,5.2,16,0,"SC","Growing","Churned"
"b6c6854d4d92a5f6f46be8869da3fa1a",1,1.00,87.82,0.0,1,0,"SP","Critical Risk","Churned"
"b6d44737c043328708f6749c2dbe50bd",8,4.56,101.07,17.0,62,1,"SP","Growing","Survived"
"b6dc74ed30f124f95227bed4e43a3bed",3,2.75,55.43,10.3,11,1,"PR","At Risk","Survived"
"b6e1504972665f739dec4facb9943775",2,5.00,107.56,10.3,14,1,"SP","At Risk","Survived"
"b76dba6c951ab00dc4edf0a1aa88037e",43,4.02,24.74,19.9,159,1,"SP","High Potential","Survived"
"b77a27b1864483e721dc831d5ba4afa0",2,3.50,35.21,1.4,2,0,"RJ","At Risk","Churned"
"b7ba853e9551f4558440881fd3e5c815",2,1.00,207.40,0.1,2,0,"RS","At Risk","Churned"
"b7cc6c5e001441ae8cdd5c69a480cbe4",1,5.00,274.82,11.3,6,1,"SC","Critical Risk","Survived"
"b7d5b4b87af9d42b601865d3f3810bff",1,3.00,370.69,6.2,2,0,"SC","Critical Risk","Churned"
"b7e1750c1157341d2abd0251e07c186b",3,4.50,55.14,2.2,3,0,"SP","At Risk","Churned"
"b7ed9fb14c8eadb37adb9c45d67ab0fb",4,3.17,80.16,13.0,7,0,"SP","At Risk","Churned"
"b83cedfb587e7911540e3f576d6917ce",14,4.13,101.58,10.8,24,1,"SP","Growing","Survived"
"b88e7c57cb2d8b973b7dd4a2bfa14b36",3,4.67,113.60,6.4,4,0,"PR","At Risk","Churned"
"b8bc237ba3788b23da09c0f1f3a3288c",5,4.60,316.87,10.9,45,1,"SC","At Risk","Survived"
"b8d890108a7a80e4f5d59eea9f362438",2,3.33,41.43,1.5,2,0,"PR","At Risk","Churned"
"b90e891671cffd9557f33a97dc523645",4,4.00,161.49,12.3,34,1,"PR","At Risk","Survived"
"b92e3c8f9738272ff7c59e111e108d7c",8,2.91,110.76,18.9,62,1,"MG","Critical Risk","Survived"
"b98b715fe9e276204e2a3464f48cd796",3,3.67,92.56,14.8,6,0,"SP","At Risk","Churned"
"b9c0ffa92f3ff9a5a3d45ef7213c0842",3,5.00,190.72,3.0,3,0,"SP","At Risk","Churned"
"ba6b68b55fe8704377a7d43c8e5c0185",5,4.20,166.44,1.1,5,0,"MG","At Risk","Churned"
"baa49d93c8c8841e27400a300f5d74b2",6,4.50,55.74,1.1,6,0,"SC","Growing","Churned"
"bab0a8cd684e41ba6e2637dca0979d3b",1,5.00,289.04,0.0,1,0,"RJ","Critical Risk","Churned"
"bac44fa8e13424950488659b5f765c41",1,5.00,34.42,0.0,1,0,"SP","Critical Risk","Churned"
"bacb1f0ed56ad24198f5810d2b3fe9a5",26,4.04,188.65,8.7,42,0,"SP","High Potential","Churned"
"baeda7047354773262ba2405f97038ba",1,5.00,50.10,0.0,1,0,"SP","Critical Risk","Churned"
"baf15155e37ef5492731459bdc05be8a",1,5.00,55.72,0.0,1,0,"SP","Critical Risk","Churned"
"bb135baca94c82fcb731335ad5b04a03",6,2.30,28.46,18.9,18,1,"SP","Critical Risk","Survived"
"bb3dca718920a4d7ec3cc9ffb025108b",2,2.33,67.23,0.2,2,0,"SP","At Risk","Churned"
"bb5bd94c8f59cc050072d2930c869cac",4,4.25,171.96,16.0,16,1,"SP","At Risk","Survived"
"bb7a14e229b1c95156719c3d9552eeee",8,5.00,336.94,6.4,11,0,"RJ","Growing","Churned"
"bba3293d6f5d5af2f415e004e8b93ae3",4,4.75,816.35,9.8,17,0,"SP","At Risk","Churned"
"bba74270a87732727b5a3b4fd9ac1c39",18,3.84,210.67,8.0,36,0,"MG","Critical Risk","Churned"
"bbad7e518d7af88a0897397ffdca1979",11,3.55,69.55,14.2,69,1,"SP","Growing","Survived"
"bbaff50f3b708fda865918715276cd87",3,4.33,43.46,17.0,12,0,"SP","At Risk","Churned"
"bbf9ad41dca6603e614efcdad7aab8c4",5,4.80,638.97,16.8,14,1,"CE","At Risk","Survived"
"bc2ac6b95e1accce9858528ee566c17e",5,5.00,83.83,9.1,18,0,"SP","At Risk","Churned"
"bc302730ea8cf49b5c74f579febb5bbf",2,3.00,794.77,12.0,11,1,"SP","At Risk","Survived"
"bc503e244f187939d10c92a5c8e378ce",2,5.00,41.65,10.9,7,1,"SP","At Risk","Survived"
"bccf933e006e9b94a6184af782963e77",24,4.46,97.63,10.6,45,1,"SP","High Potential","Survived"
"bcd2d7510d58e293f20fad6438c1b314",1,NULL,39.46,0.0,1,0,"PR","Critical Risk","Churned"
"bcf5566870987da7bc811fbc8c5b9fd9",1,1.00,31.78,0.0,1,0,"SP","Critical Risk","Churned"
"bd0389da23d89b726abf911cccc54596",8,4.25,65.65,17.3,87,1,"DF","Growing","Survived"
"bd23da7354813347129d751591d1a6e2",25,4.13,123.67,13.2,89,1,"SP","High Potential","Survived"
"bd4889b5e9133b35b66e42a8665cea5c",2,3.00,158.20,15.7,36,1,"SP","At Risk","Survived"
"bd4ff04377f974574f7f0bf9d6ce7dde",3,4.33,56.12,4.6,4,0,"SP","At Risk","Churned"
"bd65d163ded559eb90a10cd09fec178f",1,4.00,19.24,0.0,1,0,"SP","Critical Risk","Churned"
"bd697db56ff8e7c9cd1abeb7f72029b2",6,4.67,108.15,18.1,22,1,"SP","Growing","Survived"
"be8e909810184b9b19e886129149d8e5",6,4.17,54.57,7.4,15,0,"SP","Growing","Churned"
"be9a160a9011f627c3e121d076c1ec7b",2,4.00,376.39,8.6,7,0,"SC","At Risk","Churned"
"bede56095ba33c42038fb85f707b8a42",1,4.00,887.37,4.0,2,0,"SP","Critical Risk","Churned"
"bee36b4f9a2b9fdcaff6ec05df202ed0",2,3.00,26.74,0.7,2,0,"SP","At Risk","Churned"
"bf0045791395e66460eb04749c68672a",2,4.00,77.63,1.2,2,0,"SP","At Risk","Churned"
"bf100ecb7997df312b285358fb32f92c",9,4.30,98.95,12.6,20,0,"PR","Growing","Churned"
"bf3c6d2a28b2b5501e6c15448982dcc9",18,4.47,139.64,11.5,35,1,"SP","High Potential","Survived"
"bf961104a38e01b9062ee026bb657dee",4,4.50,166.37,0.2,4,0,"SP","At Risk","Churned"
"bfd27a966d91cfaafdb25d076585f0da",21,4.24,149.63,17.1,117,1,"SP","High Potential","Survived"
"bfd938b22bc99bce1ae60dc602889f52",6,3.08,93.19,2.8,6,0,"RJ","Critical Risk","Churned"
"c03121937e54a93fcc1825c3098bbb6e",2,5.00,176.00,13.4,7,0,"PR","At Risk","Churned"
"c04d70d515d15a7e3db3a73320598566",2,5.00,53.27,5.8,3,0,"RJ","At Risk","Churned"
"c0563dd588b775f2e37747ef6ad6c92c",7,5.00,153.53,17.9,28,1,"SP","Growing","Survived"
"c0e6839516f5398edc34adf5f1d53d1a",1,5.00,49.04,3.3,3,0,"SP","Critical Risk","Churned"
"c113b8df1fc375bc3d73d29c1b1144d1",3,4.20,80.17,1.6,3,0,"SP","At Risk","Churned"
"c12d7463a579237ffb9248bd7cff378b",1,4.00,34.62,0.0,1,0,"SP","Critical Risk","Churned"
"c13fb473e7cb8b83ccd543c094df0608",2,3.50,41.76,1.6,2,0,"SP","At Risk","Churned"
"c157bdeedcbc9a8e3c8bf0d87ff24428",6,4.63,80.12,3.6,7,0,"SP","Growing","Churned"
"c161d1327ebc3a156c09582ab2f59f6c",1,5.00,29.78,6.3,3,0,"SP","Critical Risk","Churned"
"c1d1ebb4745cc43cb6f05e9c8a705c9a",2,1.00,28.47,7.0,3,0,"SP","At Risk","Churned"
"c1ed9e3daf6154542826a6996af0fb8c",5,4.25,60.88,6.6,9,0,"SC","At Risk","Churned"
"c200c73f9d7e5a08ca439d6a0803da7c",1,1.00,34.10,0.0,1,0,"PR","Critical Risk","Churned"
"c24173065483e421f9e5e7f599de101d",7,3.86,54.72,4.5,9,0,"SP","Growing","Churned"
"c26a2be5b53b7db6b276280da212a779",3,4.67,448.04,12.0,13,1,"RJ","At Risk","Survived"
"c273175f7c6c80fb02f051e2fc6d0d72",1,2.00,158.72,5.9,14,0,"SP","Critical Risk","Churned"
"c286ec035ee04ba81c97508f0b5df544",1,4.00,344.67,4.4,2,0,"PR","Critical Risk","Churned"
"c2bda99904207edd1834f03e0022b007",2,2.50,50.84,1.6,2,0,"SP","At Risk","Churned"
"c2d70ce2c5d0a2eb75e78668236e6dc8",2,4.33,58.89,11.3,13,1,"SP","At Risk","Survived"
"c3251e13f1bbda6c74e37c160f991e19",2,5.00,256.54,2.3,2,0,"SP","At Risk","Churned"
"c353f8fc0ce8344999f17d578eb69a5e",2,5.00,106.29,0.5,2,0,"RS","At Risk","Churned"
"c35672b10ad50968f567ea3f4b91e877",1,5.00,80.44,11.6,18,1,"RJ","Critical Risk","Survived"
"c3867b4666c7d76867627c2f7fb22e21",33,3.97,139.18,15.5,245,1,"SP","Critical Risk","Survived"
"c3cfdc648177fdbbbb35635a37472c53",37,4.07,138.92,19.2,278,1,"PR","High Potential","Survived"
"c3fe93ba3085f92855c97e57f38c8c05",3,5.00,46.54,13.7,7,0,"PR","At Risk","Churned"
"c42fd8e4d47dfb18ce5222f2dd7752f9",4,4.20,56.56,3.2,7,0,"SP","At Risk","Churned"
"c43d924a0f1688ee9fae0efcd6f539d4",1,4.00,45.01,0.0,1,0,"RJ","Critical Risk","Churned"
"c447f8dd3ed213f291d65ef074a268eb",6,3.71,106.02,4.4,7,0,"SP","Growing","Churned"
"c458e2045a8aa8964f8879af03fdcce6",4,3.11,76.86,2.7,4,0,"SP","At Risk","Churned"
"c4fb51fb1c5b7c07bc5e67be6e7e8f6e",5,3.60,141.83,12.8,15,0,"PR","At Risk","Churned"
"c500367424994318b9e779ff1ae9a330",7,4.00,604.02,3.0,9,0,"SP","Growing","Churned"
"c53bcd3be457a342a97e39e5a9f0be22",1,1.00,145.90,17.9,5,0,"SE","Critical Risk","Churned"
"c542f5a8c64d973f30e9df8d06f70b4a",1,1.00,98.31,0.0,1,0,"SP","Critical Risk","Churned"
"c6218512d16fcac0af02fe92691cf274",8,4.11,104.59,1.7,8,0,"MG","Growing","Churned"
"c68fb906c8f4b4b946d8386bfa6e5467",9,4.56,96.44,16.6,45,1,"SP","Growing","Survived"
"c6a7539d424a8402232c2228d7a03c5e",4,1.38,59.87,8.6,10,0,"SP","At Risk","Churned"
"c6bda72e4dbf5c5866b13cb1810c6d03",7,4.43,133.25,13.6,59,1,"SP","Growing","Survived"
"c731d18cea9bf687ffee82a241c25b11",4,4.00,125.93,18.3,24,1,"SC","At Risk","Survived"
"c76d418370990614e89e956c7a7567d9",2,3.50,184.89,1.1,2,0,"SP","At Risk","Churned"
"c7a0a13cbcf29d5ce51c8f80afdc0b89",3,3.00,45.84,10.3,8,1,"SC","At Risk","Survived"
"c7c7b2682c648339a0e9846bb1023a39",2,4.67,66.56,2.1,2,0,"SP","At Risk","Churned"
"c7dcd301ecfe5ab7f778ac172cf74be7",4,2.50,129.96,0.1,4,0,"MG","At Risk","Churned"
"c8143b3069f6746a77421b5ce30a450c",1,5.00,185.88,0.0,1,0,"GO","Critical Risk","Churned"
"c826c40d7b19f62a09e2d7c5e7295ee2",28,3.85,117.75,12.2,354,1,"SP","Critical Risk","Survived"
"c8417879a15366a17c30af34c798c332",11,3.19,51.51,7.3,26,0,"SP","Critical Risk","Churned"
"c8467937e403e76a8ee9f0ab13f6f5ef",12,4.23,82.60,10.9,30,1,"MG","Growing","Survived"
"c847e075301870dd144a116762eaff9a",18,3.89,390.24,11.0,42,1,"MG","Critical Risk","Survived"
"c85d7b477a709c85a1e8b8f25aa1b270",1,1.00,53.61,0.0,1,0,"SP","Critical Risk","Churned"
"c864036feaab8c1659f65ea4faebe1da",12,4.75,181.75,12.9,58,1,"PR","Growing","Survived"
"c8660dcf9ba70575f45d80fe28c27713",4,4.71,62.71,1.4,4,0,"SP","At Risk","Churned"
"c8771b1a10bb99bb34d3c459c5cffb53",1,5.00,96.10,0.0,1,0,"SP","Critical Risk","Churned"
"c878515173c84a492ebe50d6b493230b",5,3.40,210.89,8.2,9,0,"PR","At Risk","Churned"
"c88f62b4c386a59281014d677864d016",1,1.00,1350.50,0.0,1,0,"PR","Critical Risk","Churned"
"c89cf7c468a48af70aada384e722f9e2",5,4.00,53.83,14.2,14,0,"RJ","At Risk","Churned"
"c8b0e2b0a7095e5d8219575d5e7e1181",8,4.75,113.23,13.4,84,1,"SP","Growing","Survived"
"c8e135e7b21ecbc36c1153a29d2f5a06",4,5.00,196.47,3.9,7,0,"SP","At Risk","Churned"
"c990d6cf976a5718aaedc539f383ab88",5,4.60,29.41,3.6,10,0,"SP","At Risk","Churned"
"c9a06ece156bb057372c68718ec8909b",3,2.67,193.78,4.9,14,0,"DF","At Risk","Churned"
"c9c7905cffc4ef9ff9f113554423e671",9,4.33,87.36,14.8,127,1,"SP","Growing","Survived"
"c9d2ba8dde44a275ae06475ed1d2fafc",1,5.00,43.31,0.0,1,0,"MG","Critical Risk","Churned"
"ca3bd7cd9f149df75950150d010fe4a2",14,4.22,89.56,18.6,71,1,"SP","Growing","Survived"
"ca5832c6960267b71041f74bb39e8b12",1,1.00,97.71,0.0,1,0,"SC","Critical Risk","Churned"
"cab85505710c7cb9b720bceb52b01cee",2,4.50,68.35,23.0,206,1,"SP","At Risk","Survived"
"cac4c8e7b1ca6252d8f20b2fc1a2e4af",1,4.00,420.08,22.5,75,1,"SP","Critical Risk","Survived"
"cb32766839f443db85c82a43c4a6c19e",2,3.00,132.76,0.5,2,0,"SP","At Risk","Churned"
"cb3dd9ce66268c7a3ca7241ac70ab58c",10,3.60,56.04,14.7,50,1,"SP","Growing","Survived"
"cb5df0dcb9e280b1780e9d589889f2c7",6,1.50,237.88,4.5,16,0,"SP","Critical Risk","Churned"
"cb8bcce248bb1fb274ba762d8b971456",7,4.13,131.26,19.0,68,1,"MG","Growing","Survived"
"cb9fb4ca75d7ba8437480e8dde64fe98",7,4.00,72.23,4.2,10,0,"SP","Growing","Churned"
"cbbd5ae8f53de5f5097cd8217b529e24",2,2.50,211.13,0.0,2,0,"SP","At Risk","Churned"
"cbd996ad3c1b7dc71fd0e5f5df9087e2",30,3.50,37.85,18.6,165,1,"SP","Critical Risk","Survived"
"cc3d14116804f7209f3884f6367f1152",3,4.33,211.62,15.8,27,1,"PR","At Risk","Survived"
"cc419e0650a3c5ba77189a1882b7556a",97,4.03,62.23,19.1,1706,1,"SP","High Potential","Survived"
"cca3071e3e9bb7d12640c9fbe2301306",8,4.23,88.84,22.9,712,1,"SP","Growing","Survived"
"ccada0ef508e698917a6eab263375905",3,3.67,77.32,2.8,3,0,"PR","At Risk","Churned"
"ccb83a794700270fde70898fe9ff368b",3,4.33,1071.86,5.5,12,0,"SC","At Risk","Churned"
"ccc4bbb5f32a6ab2b7066a4130f114e3",25,4.17,358.24,19.7,187,1,"PR","High Potential","Survived"
"cce6ab8d1682639fe45ab70234f1665f",32,4.37,53.68,13.7,63,0,"SP","High Potential","Churned"
"ccf8813e5a7d6c84d865cd38bfc2b130",2,4.50,91.85,11.9,26,1,"SP","At Risk","Survived"
"cd06602b43d8800bd0afad514919d35c",25,3.34,37.74,18.5,44,1,"SP","Critical Risk","Survived"
"cd52a8efd71af3336b14b5039b951cc1",3,2.33,76.85,2.5,3,0,"SP","At Risk","Churned"
"cd68562d3f44870c08922d380acae552",26,4.35,140.88,14.2,125,1,"SP","High Potential","Survived"
"cd843d4cf8ef32827de0396605163ba3",2,3.50,465.09,12.7,5,0,"MG","At Risk","Churned"
"ce248b21cb2adc36282ede306b7660e5",6,4.67,76.08,12.7,65,1,"SC","Growing","Survived"
"ce27a3cc3c8cc1ea79d11e561e9bebb6",6,2.67,47.63,23.0,135,1,"SP","Critical Risk","Survived"
"ce33c6211beaa8fef4cae8b52db39862",1,3.00,63.52,0.0,1,0,"SP","Critical Risk","Churned"
"ce7d1888639e6fb06b2749cbfdac1ff7",13,4.50,171.88,12.4,78,1,"MG","Growing","Survived"
"ceb7b4fb9401cd378de7886317ad1b47",1,3.00,416.45,0.0,1,0,"RJ","Critical Risk","Churned"
"cee48807215b30a12ca2ca10ffb5f250",7,4.71,172.89,12.7,39,1,"SP","Growing","Survived"
"cf2384dd2f1dddea3f838efed0945e65",5,4.00,153.33,17.0,16,0,"SP","At Risk","Churned"
"cf6f6bc4df3999b9c6440f124fb2f687",1,5.00,12.22,0.0,1,0,"SP","Critical Risk","Churned"
"cfa5ab0e4d3fc212fd0b3410e7081c62",2,3.00,254.52,10.3,16,1,"MG","At Risk","Survived"
"cfb1a033743668a192316f3c6d1d2671",28,4.51,74.96,18.5,147,1,"SP","High Potential","Survived"
"d03698c2efd04a549382afa6623e27fb",1,5.00,176.85,22.1,18,0,"BA","Critical Risk","Churned"
"d05ae8f7a5bd1d2a690a44cd079e4e27",12,3.67,193.97,16.1,78,1,"RJ","Growing","Survived"
"d101c6da914ae3d53f7bee42283f2fe2",4,4.70,69.16,7.9,13,0,"SP","At Risk","Churned"
"d12c926d74ceff0a90a21184466ce161",1,4.00,33.42,19.5,78,1,"SP","Critical Risk","Survived"
"d1a1b40ec554c593a1a99366746289dd",1,2.00,64.22,0.0,1,0,"PR","Critical Risk","Churned"
"d1aa1ec0839dcab73a6161130eb1f94a",1,4.00,136.04,0.0,1,0,"PR","Critical Risk","Churned"
"d1b65fc7debc3361ea86b5f14c68d2e2",15,4.56,432.39,14.5,40,0,"SP","Growing","Churned"
"d1b9d4be4b6f9ebd85f8acd6745ba612",3,3.33,129.26,10.5,11,1,"MG","At Risk","Survived"
"d1c281d3ae149232351cd8c8cc885f0d",61,4.04,125.47,18.3,215,1,"SP","High Potential","Survived"
"d20b021d3efdf267a402c402a48ea64b",24,4.53,55.21,17.3,90,1,"SP","High Potential","Survived"
"d23019c84ffae2d5ef2270367b8605fc",5,4.20,501.98,10.5,39,1,"PR","At Risk","Survived"
"d2374cbcbb3ca4ab1086534108cc3ab7",85,3.79,40.18,18.6,524,1,"SP","Critical Risk","Survived"
"d2572f31e9023e9850ef986a636ff9bf",1,5.00,305.69,0.0,1,0,"MG","Critical Risk","Churned"
"d2e753bb80b7d4faa77483ed00edc8ca",4,3.80,115.19,7.4,14,0,"BA","At Risk","Churned"
"d2f3e277560ed4c6361284429b00f037",6,4.83,72.39,3.1,7,0,"SP","Growing","Churned"
"d32e3909cfb714fb2a6cb092c85b9c5f",3,4.50,323.37,8.6,10,0,"SP","At Risk","Churned"
"d354c38a7182125a748cb10474fe963b",5,4.20,50.53,10.6,18,1,"RJ","At Risk","Survived"
"d3674f271c91f824f82d24d92011f669",4,4.75,69.80,13.4,20,1,"DF","At Risk","Survived"
"d36b07fd3c5088e477a72d1fccfe29d4",1,5.00,339.86,0.0,1,0,"SP","Critical Risk","Churned"
"d379f449f2a3b271bc01c0782020f705",4,2.00,203.33,19.0,28,1,"MG","At Risk","Survived"
"d3f39f05462b79a4562d35893a28f159",5,4.80,64.18,12.0,34,1,"SP","At Risk","Survived"
"d4d99b60c4c94cd35acd502cec65dc8d",1,3.00,87.29,0.0,1,0,"SP","Critical Risk","Churned"
"d4e12e7884759a14fa0f5f896c791cae",6,4.67,53.23,10.6,29,1,"SP","Growing","Survived"
"d4e4b5192cba4e0e66eb12a9d347239d",4,4.00,50.20,7.9,12,0,"PR","At Risk","Churned"
"d4f91e8be86b38da2ee35bc489645a9d",1,5.00,61.16,0.0,1,0,"SP","Critical Risk","Churned"
"d50d79cb34e38265a8649c383dcffd48",1,4.00,204.38,22.4,70,1,"SP","Critical Risk","Survived"
"d51e0a403fe2e689ece6c73359d96e12",2,5.00,236.65,11.3,19,1,"SP","At Risk","Survived"
"d57e18d5f73c7ccb7f7339b61166898d",12,4.00,67.47,11.5,61,1,"SP","Growing","Survived"
"d5ba419e26d246a0719437cf37d9b46d",1,1.00,51.01,15.8,34,1,"SP","Critical Risk","Survived"
"d5c530f4884a75ae0dba9c148718d278",6,2.67,49.44,2.5,6,0,"MG","Critical Risk","Churned"
"d624126b9206f595fb3fbb6ba03b28a8",4,4.00,430.34,15.3,23,1,"PR","At Risk","Survived"
"d65f31d2413268e671989503f6cf9993",2,1.00,186.65,0.9,2,0,"SP","At Risk","Churned"
"d66c305afaec317ebee552073a674429",37,4.34,120.21,4.3,41,0,"MG","High Potential","Churned"
"d6b664fa0667064c6d76394e7848d790",3,4.67,956.38,12.6,6,1,"SP","At Risk","Survived"
"d71d863e5ef30d94e440c11be17dcd8f",9,3.50,149.98,7.2,29,0,"SP","Growing","Churned"
"d73cbd89533ce8b041a9190241453ac8",2,4.00,92.77,4.3,4,0,"MG","At Risk","Churned"
"d7b2377bae6ace1b11fc69a11900ac36",3,4.00,95.45,3.0,4,0,"SP","At Risk","Churned"
"d91fb3b7d041e83b64a00a3edfb37e4f",22,4.38,183.59,18.8,535,1,"SP","High Potential","Survived"
"d93844a9c55ba7ce353388bcf849ea56",3,4.25,195.35,13.7,12,1,"PR","At Risk","Survived"
"d9442042130b7fe579d1295f9f4a248f",14,4.24,46.91,4.7,19,0,"SP","Growing","Churned"
"d94a40fd42351c259927028d163af842",12,4.36,166.37,12.7,101,1,"MG","Growing","Survived"
"d94ba08b99bedd6a5f6c875ecc4a6fac",4,4.60,79.80,3.5,9,0,"PR","At Risk","Churned"
"d98eec89afa3380e14463da2aabaea72",18,4.55,55.08,19.5,168,1,"RS","High Potential","Survived"
"d9e8c084b68fe958861d8f2c21202e6b",2,2.33,934.53,9.6,9,0,"SP","At Risk","Churned"
"da8622b14eb17ae2831f4ac5b9dab84a",83,4.17,131.29,19.0,1314,1,"SP","High Potential","Survived"
"dadc51ef321949ec9a3ab25cd902e23d",1,1.00,99.34,0.0,1,0,"SP","Critical Risk","Churned"
"daeb5653dd96c1b11860f72209795012",17,3.84,84.31,11.2,40,1,"MG","Critical Risk","Survived"
"db1f0f7c7e5e87f40b62226f020bb297",3,4.67,41.24,1.2,3,0,"PR","At Risk","Churned"
"db4350fd57ae30082dec7acbaacc17f9",36,3.89,33.73,17.8,137,1,"SP","Critical Risk","Survived"
"db46ca7bce82b11f7e247539271fc390",13,4.85,67.70,3.5,16,0,"RJ","Growing","Churned"
"dbb9b48c841a0e39e21f98e1a6b2ec3e",22,4.27,63.05,17.7,108,1,"SP","High Potential","Survived"
"dbbcfe2c8d026742134ac3e28ccde274",1,5.00,119.48,10.5,4,1,"PR","Critical Risk","Survived"
"dbc22125167c298ef99da25668e1011f",69,3.97,103.12,16.7,406,1,"MG","Critical Risk","Survived"
"dbc51f5e45d654ecc16cb68e6817ecea",1,4.00,218.13,0.0,1,0,"SP","Critical Risk","Churned"
"dc317f341ab0e22f39acbd9dbf9b4a1f",3,2.33,470.09,17.7,55,1,"RS","At Risk","Survived"
"dc4a0fc896dc34b0d5bfec8438291c80",34,3.74,114.66,18.7,231,1,"SP","Critical Risk","Survived"
"dc8798cbf453b7e0f98745e396cc5616",2,3.00,52.75,13.7,41,1,"SP","At Risk","Survived"
"dd264199fc8b687ad029de7de6d760e6",1,5.00,108.60,0.0,1,0,"PR","Critical Risk","Churned"
"dd2bdf855a9172734fbc3744021ae9b9",2,5.00,188.72,15.2,108,1,"MG","At Risk","Survived"
"dd39ad39b5d3df33037e141c72497ba6",2,5.00,82.43,1.3,2,0,"SP","At Risk","Churned"
"dd533b429f380718b70ad9922c294bae",18,4.06,75.37,11.4,41,1,"SP","High Potential","Survived"
"dd58ee93286b0821565574c570e9e1dc",1,5.00,735.00,3.2,2,0,"PR","Critical Risk","Churned"
"dd7ddc04e1b6c2c614352b383efe2d36",21,3.17,88.69,15.2,122,1,"SP","Critical Risk","Survived"
"dd8a29ce82d5c705ba932d81494600a5",1,4.00,143.12,3.3,2,0,"SP","Critical Risk","Churned"
"dd9661d3cda1e6feb237f0c4d8b26f2e",1,5.00,190.98,0.0,1,0,"SC","Critical Risk","Churned"
"ddd51ae8cda92f3995a51fc0f0f3eec7",6,4.41,44.25,11.8,8,1,"RJ","Growing","Survived"
"de09d00cfc265b8804c7df34075a68fa",1,4.00,315.84,6.8,3,0,"SP","Critical Risk","Churned"
"de23c3b98a88888289c6f5cc1209054a",8,4.50,239.64,15.6,164,1,"SP","Growing","Survived"
"de66a66f2dd06bb9ec37aa96987466a3",1,5.00,57.06,3.9,7,0,"RJ","Critical Risk","Churned"
"deaadd805612bf94faaa9fa702516e11",1,1.00,65.11,0.0,1,0,"SP","Critical Risk","Churned"
"debe6615cd90cc0c2eac2b8988e1f628",5,4.60,74.81,1.7,5,0,"SP","At Risk","Churned"
"dee656f0f566ed1aa85bd137c943f08f",36,4.34,64.66,10.5,93,1,"SP","High Potential","Survived"
"df560393f3a51e74553ab94004ba5c87",1,3.00,111.51,17.4,28,1,"PR","Critical Risk","Survived"
"df683dfda87bf71ac3fc63063fba369d",1,1.00,55.95,0.0,1,0,"RS","Critical Risk","Churned"
"dfc5fb7259bb2b599ca565e6e9448f0f",8,3.13,222.67,12.5,33,1,"SP","Critical Risk","Survived"
"e00d85ce20ea50c1224c66ca5050527d",1,4.00,157.30,0.0,1,0,"SP","Critical Risk","Churned"
"e067ad2c1c0b48758eb1b5228bcf7a68",6,3.29,70.22,18.6,54,1,"SP","Critical Risk","Survived"
"e06f09ec0a4aca210779cf1cfc63cf19",12,4.21,265.51,5.8,29,0,"SP","Growing","Churned"
"e09887ca8c7bf8a4621ce481820414ef",3,3.00,44.67,2.6,3,0,"SP","At Risk","Churned"
"e0a366315b1b726b6c7832d664c0f530",2,3.50,241.43,14.4,43,1,"SP","At Risk","Survived"
"e174dc2de86d60fee178170a154c05e7",1,1.00,33.90,0.0,1,0,"SP","Critical Risk","Churned"
"e1a210d482714ce337763a19aef94ba4",1,1.00,76.51,0.0,1,0,"PR","Critical Risk","Churned"
"e1b12447a7563944843191754aeb5562",7,4.38,62.57,3.8,9,0,"SP","Growing","Churned"
"e1bed63d68ac36fe1f3061befe196af5",1,5.00,217.00,0.0,1,0,"SP","Critical Risk","Churned"
"e21a1e8be4715b0fcfd5385643bc49c4",11,3.85,52.17,10.1,21,0,"SC","Growing","Churned"
"e24fc9fcd865784fb25705606fe3dfe7",1,4.00,246.09,17.8,52,1,"SP","Critical Risk","Survived"
"e26901d5ab434ce92fd9b5c256820a4e",77,3.86,52.98,7.5,202,0,"SP","Critical Risk","Churned"
"e2a1ac9bf33e5549a2a4f834e70df2f8",4,4.75,3039.71,4.0,5,0,"SP","At Risk","Churned"
"e2aee0892199b1d92530e371abd825bf",6,3.17,141.90,18.9,38,1,"PR","Critical Risk","Survived"
"e333046ce6517bd8bb510291d44f0130",16,4.50,160.81,13.6,68,1,"SP","High Potential","Survived"
"e38db885400cd35c71dfd162f2c1dbcf",3,4.67,81.67,12.0,30,1,"DF","At Risk","Survived"
"e3b4998c7a498169dc7bce44e6bb6277",3,2.67,2371.56,0.9,3,0,"SP","At Risk","Churned"
"e4253cef933647000a82ff39c67b7bde",2,2.00,54.37,0.4,2,0,"SP","At Risk","Churned"
"e48b04bf1aa1ef711caebeb7aede6180",6,4.67,164.87,18.4,25,1,"PR","Growing","Survived"
"e48cc16ab70bfa09e1401740dce0b3d7",3,4.33,52.10,12.8,14,1,"SP","At Risk","Survived"
"e49c26c3edfa46d227d5121a6b6e4d37",7,4.00,94.63,17.9,35,1,"PE","Growing","Survived"
"e4fc40017a6d22c46a14ac2e17f87c3e",3,2.33,220.68,2.1,3,0,"PR","At Risk","Churned"
"e5475dcab1e07b63d7f6e902d8f5eda8",6,3.67,59.98,11.0,19,1,"SP","Growing","Survived"
"e59aa562b9f8076dd550fcddf0e73491",11,3.77,431.21,11.6,70,1,"PR","Growing","Survived"
"e59e489e2ea74bd409b798b5daf49de3",1,3.00,112.71,7.9,3,0,"PR","Critical Risk","Churned"
"e5a3438891c0bfdb9394643f95273d8e",18,4.11,55.44,11.0,224,1,"SP","High Potential","Survived"
"e5a38146df062edaf55c38afa99e42dc",1,5.00,82.08,22.7,121,1,"SP","Critical Risk","Survived"
"e5d4b2b0c3bca22085f7a19a28de0c42",3,4.33,62.92,3.1,4,0,"SC","At Risk","Churned"
"e5def42655b7490edac5a56fe8e9e603",1,5.00,141.42,0.0,1,0,"SP","Critical Risk","Churned"
"e5e33c0d8e7e002f398f5dc4cbbb338f",3,3.00,87.57,17.4,28,1,"SP","At Risk","Survived"
"e5f9e61ceb5f523cc966e0f34095032f",1,5.00,702.07,7.8,4,0,"SC","Critical Risk","Churned"
"e603cf3fec55f8697c9059638d6c8eb5",7,4.70,44.30,4.3,8,0,"RS","Growing","Churned"
"e627629ba868740e287800f1a9be81c2",5,4.60,63.72,5.3,13,0,"SP","At Risk","Churned"
"e62b2d6ac10570a035a30bafcf01d263",10,3.90,69.66,11.3,62,1,"SP","Growing","Survived"
"e63e8bfa530fb16910dd6956e592bb81",8,3.89,51.99,12.9,42,1,"SP","Growing","Survived"
"e6a69c4a27dfdd98ffe5aa757ad744bc",4,2.57,256.40,16.5,24,1,"SP","At Risk","Survived"
"e72b4feb7abe210c52aa667abc25a3a2",1,5.00,27.82,0.0,1,0,"SP","Critical Risk","Churned"
"e732329483fd5f27367dd997b47f598a",1,5.00,144.47,0.0,1,0,"SC","Critical Risk","Churned"
"e76ecc7e9a1a1e3c6df9d2a8261c423d",1,5.00,34.10,0.0,1,0,"MG","Critical Risk","Churned"
"e7d5b006eb624f13074497221eb37807",4,3.50,121.11,11.4,28,1,"SP","At Risk","Survived"
"e7df4cd29ab5abab70fb0783ddb53987",2,3.00,551.50,18.3,23,1,"SP","At Risk","Survived"
"e7f3bf1ecd8526eb7f3b18059e6716e5",13,4.92,96.82,7.0,18,0,"SP","Growing","Churned"
"e81e1f9c3e762e620f3fb60a51499e16",2,2.33,278.66,11.9,17,1,"SC","At Risk","Survived"
"e82de6494d91d3c4c54450f59b227a94",2,5.00,52.30,4.8,3,0,"SP","At Risk","Churned"
"e83c76265fc54bf41eac728805e4da77",8,3.63,42.06,2.9,8,0,"SP","Growing","Churned"
"e83e93b71371817b11d78a63ff156aee",2,4.67,124.46,2.0,2,0,"SP","At Risk","Churned"
"e88c9b79e592e370d6bd852eeefbf057",8,4.78,43.78,1.8,8,0,"PR","Growing","Churned"
"e8b3a3a38279a82f0e5d006d5e5b7d2c",54,3.86,132.40,4.9,87,0,"PR","Critical Risk","Churned"
"e8f6dc8e6a1dcde89d20e3995c8d90b3",5,5.00,81.81,14.1,36,1,"SP","At Risk","Survived"
"e908c0f3646e8b60375734a350d95d71",1,4.00,3009.53,0.0,1,0,"SP","Critical Risk","Churned"
"e96498ed8daaa3e9c23f7a62da76591c",12,4.58,383.55,9.4,34,0,"SP","Growing","Churned"
"e9779976487b77c6d4ac45f75ec7afe9",39,4.11,79.96,18.2,657,1,"SP","High Potential","Survived"
"e99e927c81e3f51739c94fcdfca9f10f",4,2.60,85.10,14.0,22,1,"MG","At Risk","Survived"
"e9b6c33b71b67737693b4cfa68341c8d",1,4.00,141.39,0.0,1,0,"SP","Critical Risk","Churned"
"e9bc59e7b60fc3063eb2290deda4cced",21,4.27,199.25,17.6,216,1,"PR","High Potential","Survived"
"e9d99831abad74458942f21e16f33f92",15,4.35,60.25,19.3,130,1,"SP","Growing","Survived"
"ea6b12bf9ffe2bac34602ec631d97a47",1,1.00,140.99,7.9,11,0,"SP","Critical Risk","Churned"
"ea8482cd71df3c1969d7b9473ff13abc",99,4.20,39.11,12.5,1146,1,"SP","High Potential","Survived"
"ead2bab70821ea148476ae9bc08548ac",2,4.00,26.78,10.0,9,0,"MG","At Risk","Churned"
"eb3071b9f0b0ddaa2df5ea130f09f26b",3,4.80,578.89,15.2,9,1,"SP","At Risk","Survived"
"eba88037e1dca898cd02881f67ced679",1,5.00,181.02,10.6,6,1,"SP","Critical Risk","Survived"
"ebd1417732defaf66c50b5a800eb293e",1,5.00,325.33,0.0,1,0,"PR","Critical Risk","Churned"
"ebd2d60905fb58271facef5596b620d3",23,4.35,118.18,18.3,84,0,"SP","High Potential","Churned"
"ebef8d8c92b4fd3226e5d407bbff21ac",3,2.67,100.69,1.4,3,0,"SP","At Risk","Churned"
"ec21206b7894c503788a684a7bc822a6",1,1.00,155.63,3.5,3,0,"RJ","Critical Risk","Churned"
"ec4608a1f76453166bb312b2968aeaf4",8,3.38,61.99,17.9,18,1,"SP","Critical Risk","Survived"
"ec8879960bd2221d5c32f8e12f7da711",6,4.67,126.99,11.0,36,1,"SP","Growing","Survived"
"ec933281fb017b5020d06df29c3f77e8",5,5.00,201.52,9.6,8,0,"SP","At Risk","Churned"
"ecccfa2bb93b34a3bf033cc5d1dcdc69",15,2.33,84.28,0.8,15,0,"PR","Critical Risk","Churned"
"ececbfcff9804a2d6b40f589df8eef2b",11,4.67,72.78,13.8,98,1,"SP","Growing","Survived"
"ed49da7cadefc454d6a67de249eab240",2,3.00,32.92,0.2,2,0,"SP","At Risk","Churned"
"ed4acab38528488b65a9a9c603ff024a",4,4.75,635.77,16.4,32,1,"SP","At Risk","Survived"
"ed859002ad59dbf8cf3602696a6c3000",5,3.80,190.12,3.7,7,0,"PR","At Risk","Churned"
"ed9eef5be0992d413d251fadba1a410d",3,4.56,60.82,1.7,3,0,"SP","At Risk","Churned"
"edb1ef5e36e0c8cd84eb3c9b003e486d",37,4.49,474.46,10.9,166,1,"RJ","High Potential","Survived"
"edb65fe661681b1c0de8bd47c8655855",1,3.00,84.24,0.0,1,0,"SP","Critical Risk","Churned"
"edd066cd02126d7800f9b66e980e9931",3,5.00,210.33,12.0,6,1,"DF","At Risk","Survived"
"eddd1991bd6d9309995a480c39b95137",3,2.67,332.80,1.0,3,0,"PR","At Risk","Churned"
"edf96ef93ed595084bbcbd9224bd2894",8,4.25,90.01,18.5,25,1,"SP","Growing","Survived"
"ee27a8f15b1dded4d213a468ba4eb391",1,5.00,6726.66,0.0,1,0,"GO","Critical Risk","Churned"
"eeb6de78f79159600292e314a77cbd18",25,4.48,364.53,18.0,83,1,"SC","High Potential","Survived"
"eebb3372362aa9a46975164bed19a7e7",7,2.29,88.92,1.9,7,0,"SP","Critical Risk","Churned"
"eec3469d83e142f9a104886655338c37",2,5.00,36.36,18.7,4,0,"SP","At Risk","Churned"
"eed78ac17f7f795a19a709745f00cd4e",6,4.00,76.63,11.7,22,1,"SP","Growing","Survived"
"ef506c96320abeedfb894c34db06f478",67,4.03,45.77,19.2,324,1,"SP","High Potential","Survived"
"ef9952469137ff190bacafe117f51537",5,4.80,217.32,2.7,5,0,"MG","At Risk","Churned"
"efcd8d2104f1a05d028af7bad20d974b",10,3.58,67.39,16.1,47,1,"SP","Growing","Survived"
"f00e21b1e91a79653163b7fd8f293ff1",12,4.25,133.94,8.4,31,0,"SP","Growing","Churned"
"f00f5b35d0abcacbdd863672f4bb2c1a",1,4.00,313.43,0.0,1,0,"SP","Critical Risk","Churned"
"f021c962aaba8ef6eb527a9c2c8394d1",5,4.20,906.77,2.7,5,0,"SC","At Risk","Churned"
"f08a5b9dd6767129688d001acafc21e5",9,3.25,783.60,3.4,11,0,"RS","Critical Risk","Churned"
"f08c008c8a8d31417763738a1788a2a8",19,3.56,69.81,3.5,22,0,"PR","Critical Risk","Churned"
"f09b760d23495ac9a7e00d29b769007c",1,4.00,39.09,0.0,1,0,"SP","Critical Risk","Churned"
"f0b47fbbc6dee9aafe415a6e33051b3f",1,5.00,61.63,13.3,68,1,"SP","Critical Risk","Survived"
"f0e103c63864d5405b958d984b6e94c9",4,4.75,108.12,4.8,11,0,"SP","At Risk","Churned"
"f1198c871e0171278b63f40d112caeec",2,4.50,279.04,2.9,2,0,"SP","At Risk","Churned"
"f181738b150df1f37cb0bd72e705b193",4,5.00,244.22,15.5,36,1,"SP","At Risk","Survived"
"f19516b9ff26bfeb091b30108db4ddbd",5,2.60,173.89,3.0,5,0,"SP","At Risk","Churned"
"f1c1ac3f3efc07e659c035008e615e66",3,3.40,259.44,6.0,4,0,"SP","At Risk","Churned"
"f1ce5fdecd64935c28b9ff932751d0dc",1,5.00,93.72,3.2,2,0,"SP","Critical Risk","Churned"
"f1ed6bd0a9b11b581f16c851c6a5a527",4,4.75,104.93,14.7,17,1,"RS","At Risk","Survived"
"f214d28e8d8e3ef068748498ccc2f813",8,3.00,44.85,12.4,54,1,"SP","Critical Risk","Survived"
"f2336e113377dd21c744d9c4fc8293a9",1,4.00,1146.20,6.8,4,0,"SP","Critical Risk","Churned"
"f235413f677777a0738ff215d0184901",3,3.67,596.11,1.2,3,0,"SP","At Risk","Churned"
"f25e239052084705e17a982bc600ab2a",2,5.00,1714.64,17.2,8,1,"SP","At Risk","Survived"
"f26d70155c2b6326fcfa1780c8c684e4",1,5.00,219.06,0.0,1,0,"SC","Critical Risk","Churned"
"f27e33c6d29b5138fa9967bcd445b6d5",31,3.94,113.76,13.2,93,1,"SP","Critical Risk","Survived"
"f3041c2e75ec683697a6a5ea82192210",1,5.00,169.00,0.0,1,0,"MG","Critical Risk","Churned"
"f307937c1bb287c3efc2a514b94b0d1d",1,5.00,216.60,0.0,1,0,"MG","Critical Risk","Churned"
"f3511c85f59f8dec53d140501ee8e7a8",1,5.00,78.01,0.0,1,0,"PR","Critical Risk","Churned"
"f35becee938e982bd615edf8ef12bcfb",5,4.40,41.59,4.9,6,0,"SP","At Risk","Churned"
"f3b80352b986ab4d1057a4b724be19d0",6,4.17,328.60,17.6,87,1,"DF","Growing","Survived"
"f41ce2e25237f9092cd8e6e7516c7a2f",1,5.00,72.60,14.6,27,1,"SP","Critical Risk","Survived"
"f435898e493ba0356019a0b1cb8b55b1",3,5.00,45.77,15.8,10,0,"PR","At Risk","Churned"
"f44b6f775a2b390380e0e30b5c9d3eee",4,4.75,347.78,14.1,10,0,"SP","At Risk","Churned"
"f45122a9ab94eb4f3f8953578bc0c560",51,3.80,169.54,18.6,187,1,"SP","Critical Risk","Survived"
"f4aba7c0bca51484c30ab7bdc34bcdd1",2,4.00,66.71,9.8,110,0,"SP","At Risk","Churned"
"f4c4daa86e30c7e5a553a8d518ac03a5",4,3.50,398.85,8.4,20,0,"PR","At Risk","Churned"
"f4db9b37944bcb8873e6b456ee190bbf",4,4.75,182.83,16.5,21,0,"SP","At Risk","Churned"
"f5403d3f50089112c4eed37928b7f622",2,1.00,111.60,0.7,2,0,"SP","At Risk","Churned"
"f593898ec748b7a8cb81fc04edafd98a",11,2.62,197.49,4.7,20,0,"SP","Critical Risk","Churned"
"f5a590cf36251cf1162ea35bef76fe84",6,3.57,731.97,16.9,117,1,"SP","Growing","Survived"
"f5b44895715ddfe3087dc414f30268f3",5,3.00,39.03,10.3,19,1,"SP","At Risk","Survived"
"f5b84683a9bf9e1df748cf40f601b39c",1,5.00,92.97,0.0,1,0,"SP","Critical Risk","Churned"
"f5f2ab9bdb6b30c14c61be68c5ed37da",2,5.00,92.13,14.2,18,1,"SP","At Risk","Survived"
"f5f46307a4d15880ca14fab4ad9dfc9b",5,4.17,150.15,4.7,9,0,"SC","At Risk","Churned"
"f5fea3ffed6c2e889bab72705557c63a",3,3.67,442.73,1.8,3,0,"RJ","At Risk","Churned"
"f6122bc84774df1b372bdb3bb88ddb9f",2,3.00,1601.15,5.5,3,0,"SP","At Risk","Churned"
"f615fe7efbef0f4f08fd3086bc7a3e60",22,4.52,105.70,3.4,23,0,"SP","High Potential","Churned"
"f61c63d13f7cd800549d5acdd390ae72",10,4.00,93.65,11.3,26,1,"SP","Growing","Survived"
"f63d8f293af3a6454377546bd9dd19ff",6,4.88,52.65,9.2,17,0,"SP","Growing","Churned"
"f650a9708fa1bab22bdd8d3a818cc415",4,4.00,121.87,6.3,5,0,"SC","At Risk","Churned"
"f664f98bfda2eaf266a23ff144e7a872",1,1.00,119.03,4.1,2,0,"SP","Critical Risk","Churned"
"f67efa3f0b6761102a7f8c6b7b571f5d",2,3.00,164.81,18.4,31,1,"PR","At Risk","Survived"
"f680f85bee2d253556ac91be391d2c82",20,4.19,102.23,10.9,45,1,"SP","High Potential","Survived"
"f682e0f848abafc6f41e0d4e868c66ef",1,4.00,188.43,7.3,2,0,"SP","Critical Risk","Churned"
"f7496d659ca9fdaf323c0aae84176632",1,5.00,149.39,22.6,26,1,"SP","Critical Risk","Survived"
"f7720c4fa8e3aba4546301ab80ea1f1b",5,4.00,41.22,16.9,60,1,"PR","At Risk","Survived"
"f789d2c4f2c2eb38fc4373e7a4b35264",5,4.20,77.12,16.8,44,1,"MG","At Risk","Survived"
"f7ba60f8c3f99e7ee4042fdef03b70c4",24,4.12,280.76,13.0,219,1,"SP","High Potential","Survived"
"f7df46c1e0ec44eed5c6726478da4a17",3,1.00,162.48,0.6,3,0,"RS","At Risk","Churned"
"f805b96fa705ba7995a221f1749dc141",3,4.33,497.05,8.6,7,0,"PR","At Risk","Churned"
"f80edd2c5aaa505cc4b0a3b219abf4b8",19,3.73,83.62,16.9,119,1,"SP","Critical Risk","Survived"
"f8201cab383e484733266d1906e2fdfa",3,5.00,121.42,14.0,10,0,"SC","At Risk","Churned"
"f84a00e60c73a49e7e851c9bdca3a5bb",6,3.50,101.26,17.3,90,1,"RJ","Growing","Survived"
"f84fa566034f5e8e880a07ec624c56af",2,5.00,68.62,13.0,91,1,"SP","At Risk","Survived"
"f8d5c7085db9a4ad2b8c1ffbeb2798c8",3,5.00,54.48,10.4,6,1,"SP","At Risk","Survived"
"f8db351d8c4c4c22c6835c19a46f01b0",82,4.00,87.40,19.2,667,1,"SP","High Potential","Survived"
"f8e2c1b59cd4225a3e4fd0d013a76b93",1,5.00,106.29,4.0,2,0,"SP","Critical Risk","Churned"
"f9244d45189d3a3605499abddeade7d5",5,4.20,896.87,18.6,21,1,"SP","At Risk","Survived"
"f97e2b0650c2068227e1d366140eb62f",4,5.00,265.55,14.4,16,0,"SP","At Risk","Churned"
"f9a02f1922d1de564392e656d82b3fda",1,4.00,137.39,0.0,1,0,"SP","Critical Risk","Churned"
"f9bbdd976532d50b7816d285a22bd01e",1,5.00,194.00,3.7,2,0,"SP","Critical Risk","Churned"
"f9f68daa2af419d38f745478bcb3da1a",2,3.00,25.68,2.9,2,0,"SP","At Risk","Churned"
"fa14641f57b655e933124a9ea49cd7a5",5,4.60,59.74,8.7,7,0,"SP","At Risk","Churned"
"fa18c782a4866d313cadab567097f8f1",1,1.00,78.64,0.0,1,0,"MG","Critical Risk","Churned"
"fa1a9dec3a9940c072684a46728bf1fc",3,4.00,120.06,22.8,55,1,"SC","At Risk","Survived"
"fa1c13f2614d7b5c4749cbc52fecda94",37,4.76,450.64,20.0,585,1,"SP","High Potential","Survived"
"fa40cc5b934574b62717c68f3d678b6d",1,5.00,74.74,19.6,307,1,"SP","Critical Risk","Survived"
"fa5fdc4e4bb6bd1009ad0e4ac4096562",1,5.00,194.85,0.0,1,0,"SP","Critical Risk","Churned"
"fa74b2f3287d296e9fbd2cc80f2d1cf1",4,3.00,147.69,5.3,11,0,"SP","At Risk","Churned"
"fb503a924a0b9db19d83dd0ac6dbef8c",1,5.00,31.82,0.0,1,0,"RS","Critical Risk","Churned"
"fb89df7f89fd1b8f03fa2acca1ba7364",6,4.38,100.43,10.4,22,1,"PR","Growing","Survived"
"fbc14c0cf93505ef89f64665ffa4a7b5",3,4.33,636.59,11.9,18,1,"SP","At Risk","Survived"
"fc38b5dceee1a730fad8853453437fbd",1,5.00,56.32,8.5,5,0,"SP","Critical Risk","Churned"
"fc4751cfe3b279c419615b9b00c1abb4",1,5.00,471.05,0.0,1,0,"PR","Critical Risk","Churned"
"fc5a0d7a310a7a41abf86a458585ff2b",1,4.00,136.97,11.6,2,1,"SP","Critical Risk","Survived"
"fc906263ca5083d09dce42fe02247800",55,4.42,55.39,8.5,114,0,"MG","High Potential","Churned"
"fc99f99385ae90f66f01733856fb88c9",1,1.00,111.02,0.0,1,0,"SP","Critical Risk","Churned"
"fce62094ffe6a4009188ec44e681dfdd",1,5.00,51.99,12.9,4,0,"SP","Critical Risk","Churned"
"fd312b6bf05efac6c3772d5b52205d8a",2,5.00,41.08,3.0,2,0,"SP","At Risk","Churned"
"fdaaf5bfda82b7b80535610c831b8d09",2,5.00,223.61,8.1,10,0,"SP","At Risk","Churned"
"fdb9095204a334cd8872252ffec6f2db",26,4.42,155.86,11.1,46,1,"SP","High Potential","Survived"
"fde0cc9ea29c8ccfc0a2c22256a58c71",7,4.71,125.55,10.4,35,1,"PR","Growing","Survived"
"fe19dce63ae80346207c6c55713d1023",1,5.00,71.72,0.0,1,0,"MG","Critical Risk","Churned"
"fe1bbc5feda5c8979a8a1b3b2512d5a6",7,3.88,90.57,5.4,9,0,"MG","Growing","Churned"
"fe2032dab1a61af8794248c8196565c9",50,4.47,199.03,17.7,294,1,"SP","High Potential","Survived"
"fe4cd9461203cee790d36792420b310f",2,4.50,156.13,5.9,3,0,"MG","At Risk","Churned"
"febab0275244b9a49a623f0bd613ca2f",18,4.50,59.52,18.3,109,1,"SP","High Potential","Survived"
"fedaedd3ca31d56ab33e92035e4b361c",1,4.00,50.86,0.0,1,0,"RJ","Critical Risk","Churned"
"ff063b022a9a0aab91bad2c9088760b7",4,4.00,347.46,18.4,94,1,"SP","At Risk","Survived"
"ff314fa6033cc68ec451c47aee2d6ba4",1,5.00,296.78,3.8,2,0,"SP","Critical Risk","Churned"
"ff4e2d38692ce827b1a4f4b8196e680d",1,4.00,76.72,10.7,11,1,"SP","Critical Risk","Survived"
"ff4ea69c2a729e83e63c7579e4ef8170",8,5.00,815.98,4.8,9,0,"SP","Growing","Churned"
"ffdd9f82b9a447f6f8d4b91554cc7dd3",2,4.50,210.92,17.7,18,1,"PR","At Risk","Survived"
"ffeee66ac5d5a62fe688b9d26f83f534",8,4.25,169.43,7.5,14,0,"SP","Growing","Churned"
"fffd5413c0700ac820c7069d66d98c89",9,3.78,230.26,13.3,60,1,"SP","Growing","Survived"
"ffff564a4f9085cd26170f4732393726",2,3.00,73.49,5.9,20,0,"SP","At Risk","Churned"
